	price	index_id	date
0	11998.76	TAIEX	2011/1/3
1	11961.39	TAIEX	2011/1/4
2	11760.8	TAIEX	2011/1/5
3	11809.86	TAIEX	2011/1/6
4	11676.27	TAIEX	2011/1/7
5	11723	TAIEX	2011/1/10
6	11873.88	TAIEX	2011/1/11
7	11918.59	TAIEX	2011/1/12
8	11932.66	TAIEX	2011/1/13
9	11928.57	TAIEX	2011/1/14
10	11865.54	TAIEX	2011/1/17
11	11949.17	TAIEX	2011/1/18
12	12079.49	TAIEX	2011/1/19
13	11994.6	TAIEX	2011/1/20
14	11904.48	TAIEX	2011/1/21
15	11895.72	TAIEX	2011/1/24
16	11953.67	TAIEX	2011/1/25
17	12039.03	TAIEX	2011/1/26
18	12101.17	TAIEX	2011/1/27
19	12158.36	TAIEX	2011/1/28
20	12113.31	TAIEX	2011/2/8
21	11974.19	TAIEX	2011/2/9
22	11747.84	TAIEX	2011/2/10
23	11446.44	TAIEX	2011/2/11
24	11546.97	TAIEX	2011/2/14
25	11595.44	TAIEX	2011/2/15
26	11583.51	TAIEX	2011/2/16
27	11544.86	TAIEX	2011/2/17
28	11757.51	TAIEX	2011/2/18
29	11751.37	TAIEX	2011/2/21
30	11531.28	TAIEX	2011/2/22
31	11338.87	TAIEX	2011/2/23
32	11355.76	TAIEX	2011/2/24
33	11432.87	TAIEX	2011/2/25
34	11602.92	TAIEX	2011/3/1
35	11459.79	TAIEX	2011/3/2
36	11617.29	TAIEX	2011/3/3
37	11678.49	TAIEX	2011/3/4
38	11584.61	TAIEX	2011/3/7
39	11629.77	TAIEX	2011/3/8
40	11632.78	TAIEX	2011/3/9
41	11490.37	TAIEX	2011/3/10
42	11390.55	TAIEX	2011/3/11
43	11327.01	TAIEX	2011/3/14
44	10947.79	TAIEX	2011/3/15
45	11067.18	TAIEX	2011/3/16
46	11011.49	TAIEX	2011/3/17
47	11160.47	TAIEX	2011/3/18
48	11257.46	TAIEX	2011/3/21
49	11311.09	TAIEX	2011/3/22
50	11360.33	TAIEX	2011/3/23
51	11401.96	TAIEX	2011/3/24
52	11447.16	TAIEX	2011/3/25
53	11370.94	TAIEX	2011/3/28
54	11428.78	TAIEX	2011/3/29
55	11494.91	TAIEX	2011/3/30
56	11544.08	TAIEX	2011/3/31
57	11573.11	TAIEX	2011/4/1
58	11768.34	TAIEX	2011/4/6
59	11834.47	TAIEX	2011/4/7
60	11824.92	TAIEX	2011/4/8
61	11805.94	TAIEX	2011/4/11
62	11609.61	TAIEX	2011/4/12
63	11672.9	TAIEX	2011/4/13
64	11702.86	TAIEX	2011/4/14
65	11590.38	TAIEX	2011/4/15
66	11585.53	TAIEX	2011/4/18
67	11484.59	TAIEX	2011/4/19
68	11716.88	TAIEX	2011/4/20
69	11908.82	TAIEX	2011/4/21
70	11924.48	TAIEX	2011/4/22
71	11899.65	TAIEX	2011/4/25
72	11896.18	TAIEX	2011/4/26
73	12030.6	TAIEX	2011/4/27
74	12019.33	TAIEX	2011/4/28
75	11975.59	TAIEX	2011/4/29
76	11893.73	TAIEX	2011/5/3
77	11895.41	TAIEX	2011/5/4
78	11990.15	TAIEX	2011/5/5
79	11935.14	TAIEX	2011/5/6
80	12012.59	TAIEX	2011/5/9
81	11996.87	TAIEX	2011/5/10
82	11993.05	TAIEX	2011/5/11
83	12010.7	TAIEX	2011/5/12
84	11974.71	TAIEX	2011/5/13
85	11848.53	TAIEX	2011/5/16
86	11811.82	TAIEX	2011/5/17
87	11892.58	TAIEX	2011/5/18
88	11824.22	TAIEX	2011/5/19
89	11749.96	TAIEX	2011/5/20
90	11630.94	TAIEX	2011/5/23
91	11643.03	TAIEX	2011/5/24
92	11603.89	TAIEX	2011/5/25
93	11685.4	TAIEX	2011/5/26
94	11714.12	TAIEX	2011/5/27
95	11732.31	TAIEX	2011/5/30
96	11951.92	TAIEX	2011/5/31
97	12049.66	TAIEX	2011/6/1
98	11955.27	TAIEX	2011/6/2
99	12028.58	TAIEX	2011/6/3
100	12043.09	TAIEX	2011/6/7
101	11977.18	TAIEX	2011/6/8
102	11968.42	TAIEX	2011/6/9
103	11751.72	TAIEX	2011/6/10
104	11585.68	TAIEX	2011/6/13
105	11740.34	TAIEX	2011/6/14
106	11743.52	TAIEX	2011/6/15
107	11508.13	TAIEX	2011/6/16
108	11483.76	TAIEX	2011/6/17
109	11343.58	TAIEX	2011/6/20
110	11433.4	TAIEX	2011/6/21
111	11464.55	TAIEX	2011/6/22
112	11393.46	TAIEX	2011/6/23
113	11347.93	TAIEX	2011/6/24
114	11305.47	TAIEX	2011/6/27
115	11283.35	TAIEX	2011/6/28
116	11450.46	TAIEX	2011/6/29
117	11564.95	TAIEX	2011/6/30
118	11683.47	TAIEX	2011/7/1
119	11731.97	TAIEX	2011/7/4
120	11747.71	TAIEX	2011/7/5
121	11826.05	TAIEX	2011/7/6
122	11783.98	TAIEX	2011/7/7
123	11766.38	TAIEX	2011/7/8
124	11679.79	TAIEX	2011/7/11
125	11448.79	TAIEX	2011/7/12
126	11471.46	TAIEX	2011/7/13
127	11474.61	TAIEX	2011/7/14
128	11605.92	TAIEX	2011/7/15
129	11577.77	TAIEX	2011/7/18
130	11572.02	TAIEX	2011/7/19
131	11834.74	TAIEX	2011/7/20
132	11879.28	TAIEX	2011/7/21
133	11953.92	TAIEX	2011/7/22
134	11844.59	TAIEX	2011/7/25
135	12013.23	TAIEX	2011/7/26
136	12047.51	TAIEX	2011/7/27
137	11988.72	TAIEX	2011/7/28
138	11834.17	TAIEX	2011/7/29
139	11921.36	TAIEX	2011/8/1
140	11767.72	TAIEX	2011/8/2
141	11593.85	TAIEX	2011/8/3
142	11417.88	TAIEX	2011/8/4
143	10782.61	TAIEX	2011/8/5
144	10375.53	TAIEX	2011/8/8
145	10301.62	TAIEX	2011/8/9
146	10642.85	TAIEX	2011/8/10
147	10624.11	TAIEX	2011/8/11
148	10514.95	TAIEX	2011/8/12
149	10767.1	TAIEX	2011/8/15
150	10740.17	TAIEX	2011/8/16
151	10668.37	TAIEX	2011/8/17
152	10495.74	TAIEX	2011/8/18
153	10121.42	TAIEX	2011/8/19
154	10080.22	TAIEX	2011/8/22
155	10415.2	TAIEX	2011/8/23
156	10357.02	TAIEX	2011/8/24
157	10236.98	TAIEX	2011/8/25
158	10284.41	TAIEX	2011/8/26
159	10468.1	TAIEX	2011/8/29
160	10562.33	TAIEX	2011/8/30
161	10694.67	TAIEX	2011/8/31
162	10719.39	TAIEX	2011/9/1
163	10718.52	TAIEX	2011/9/2
164	10434.69	TAIEX	2011/9/5
165	10180.16	TAIEX	2011/9/6
166	10404.13	TAIEX	2011/9/7
167	10431	TAIEX	2011/9/8
168	10518.89	TAIEX	2011/9/9
169	10216.62	TAIEX	2011/9/13
170	9991.89	TAIEX	2011/9/14
171	10210.99	TAIEX	2011/9/15
172	10476.29	TAIEX	2011/9/16
173	10343.44	TAIEX	2011/9/19
174	10360.48	TAIEX	2011/9/20
175	10420.43	TAIEX	2011/9/21
176	10103.8	TAIEX	2011/9/22
177	9745.2	TAIEX	2011/9/23
178	9511.64	TAIEX	2011/9/26
179	9806.29	TAIEX	2011/9/27
180	9885.4	TAIEX	2011/9/28
181	9934.74	TAIEX	2011/9/29
182	9993.91	TAIEX	2011/9/30
183	9701.96	TAIEX	2011/10/3
184	9748.86	TAIEX	2011/10/4
185	9667.69	TAIEX	2011/10/5
186	9865.28	TAIEX	2011/10/6
187	9975.99	TAIEX	2011/10/7
188	10234.32	TAIEX	2011/10/11
189	10211.71	TAIEX	2011/10/12
190	10275.31	TAIEX	2011/10/13
191	10178.14	TAIEX	2011/10/14
192	10320.69	TAIEX	2011/10/17
193	10180.09	TAIEX	2011/10/18
194	10172.13	TAIEX	2011/10/19
195	10021.28	TAIEX	2011/10/20
196	10035.38	TAIEX	2011/10/21
197	10333.88	TAIEX	2011/10/24
198	10363.31	TAIEX	2011/10/25
199	10425.01	TAIEX	2011/10/26
200	10465.68	TAIEX	2011/10/27
201	10536.03	TAIEX	2011/10/28
202	10497.17	TAIEX	2011/10/31
203	10544.64	TAIEX	2011/11/1
204	10512.05	TAIEX	2011/11/2
205	10320.95	TAIEX	2011/11/3
206	10518.66	TAIEX	2011/11/4
207	10544.25	TAIEX	2011/11/7
208	10515.29	TAIEX	2011/11/8
209	10461.44	TAIEX	2011/11/9
210	10111.17	TAIEX	2011/11/10
211	10192.26	TAIEX	2011/11/11
212	10411.44	TAIEX	2011/11/14
213	10363.6	TAIEX	2011/11/15
214	10220.35	TAIEX	2011/11/16
215	10220.75	TAIEX	2011/11/17
216	10007.66	TAIEX	2011/11/18
217	9743.22	TAIEX	2011/11/21
218	9684.27	TAIEX	2011/11/22
219	9416.44	TAIEX	2011/11/23
220	9496.62	TAIEX	2011/11/24
221	9386.12	TAIEX	2011/11/25
222	9544.2	TAIEX	2011/11/28
223	9668.53	TAIEX	2011/11/29
224	9551.58	TAIEX	2011/11/30
225	9931.44	TAIEX	2011/12/1
226	9878.85	TAIEX	2011/12/2
227	9819.92	TAIEX	2011/12/5
228	9623.74	TAIEX	2011/12/6
229	9729.89	TAIEX	2011/12/7
230	9660.57	TAIEX	2011/12/8
231	9536.62	TAIEX	2011/12/9
232	9613.73	TAIEX	2011/12/12
233	9540.78	TAIEX	2011/12/13
234	9577.1	TAIEX	2011/12/14
235	9358.55	TAIEX	2011/12/15
236	9386.9	TAIEX	2011/12/16
237	9176.95	TAIEX	2011/12/19
238	9217.51	TAIEX	2011/12/20
239	9637.85	TAIEX	2011/12/21
240	9637.67	TAIEX	2011/12/22
241	9837.42	TAIEX	2011/12/23
242	9812.31	TAIEX	2011/12/26
243	9801.87	TAIEX	2011/12/27
244	9762.63	TAIEX	2011/12/28
245	9787.73	TAIEX	2011/12/29
246	9783.94	TAIEX	2011/12/30
247	9618.11	TAIEX	2012/1/2
248	9758.08	TAIEX	2012/1/3
249	9799.01	TAIEX	2012/1/4
250	9865.26	TAIEX	2012/1/5
251	9850.95	TAIEX	2012/1/6
252	9812.95	TAIEX	2012/1/9
253	9931.69	TAIEX	2012/1/10
254	9944.61	TAIEX	2012/1/11
255	9942.35	TAIEX	2012/1/12
256	9935.38	TAIEX	2012/1/13
257	9827.58	TAIEX	2012/1/16
258	9990.08	TAIEX	2012/1/17
259	10007.53	TAIEX	2012/1/18
260	10247.87	TAIEX	2012/1/30
261	10399.58	TAIEX	2012/1/31
262	10444.04	TAIEX	2012/2/1
263	10586.89	TAIEX	2012/2/2
264	10618.05	TAIEX	2012/2/3
265	10709.71	TAIEX	2012/2/4
266	10636.02	TAIEX	2012/2/6
267	10662.94	TAIEX	2012/2/7
268	10887.72	TAIEX	2012/2/8
269	10944.26	TAIEX	2012/2/9
270	10877.14	TAIEX	2012/2/10
271	10947.2	TAIEX	2012/2/13
272	10907.32	TAIEX	2012/2/14
273	11074.94	TAIEX	2012/2/15
274	10887.42	TAIEX	2012/2/16
275	10921.54	TAIEX	2012/2/17
276	11005.19	TAIEX	2012/2/20
277	10959.09	TAIEX	2012/2/21
278	11070.02	TAIEX	2012/2/22
279	10980.94	TAIEX	2012/2/23
280	11011.44	TAIEX	2012/2/24
281	11235.69	TAIEX	2012/2/29
282	11231.4	TAIEX	2012/3/1
283	11266.96	TAIEX	2012/3/2
284	11226.02	TAIEX	2012/3/3
285	11074.25	TAIEX	2012/3/5
286	10981.87	TAIEX	2012/3/6
287	10933.6	TAIEX	2012/3/7
288	11046.33	TAIEX	2012/3/8
289	11089.84	TAIEX	2012/3/9
290	10967.46	TAIEX	2012/3/12
291	11111.29	TAIEX	2012/3/13
292	11240.98	TAIEX	2012/3/14
293	11235.94	TAIEX	2012/3/15
294	11143.7	TAIEX	2012/3/16
295	11128.45	TAIEX	2012/3/19
296	11029.93	TAIEX	2012/3/20
297	11042.7	TAIEX	2012/3/21
298	11150.61	TAIEX	2012/3/22
299	11173.68	TAIEX	2012/3/23
300	11022.89	TAIEX	2012/3/26
301	11108.44	TAIEX	2012/3/27
302	11120.36	TAIEX	2012/3/28
303	10891.53	TAIEX	2012/3/29
304	10975	TAIEX	2012/3/30
305	10878.02	TAIEX	2012/4/2
306	10736.83	TAIEX	2012/4/3
307	10569.4	TAIEX	2012/4/5
308	10661.32	TAIEX	2012/4/6
309	10515.51	TAIEX	2012/4/9
310	10570.58	TAIEX	2012/4/10
311	10592.7	TAIEX	2012/4/11
312	10601.36	TAIEX	2012/4/12
313	10774.78	TAIEX	2012/4/13
314	10693.96	TAIEX	2012/4/16
315	10494.76	TAIEX	2012/4/17
316	10521.22	TAIEX	2012/4/18
317	10545.7	TAIEX	2012/4/19
318	10385.85	TAIEX	2012/4/20
319	10349.8	TAIEX	2012/4/23
320	10374.36	TAIEX	2012/4/24
321	10463.36	TAIEX	2012/4/25
322	10405.5	TAIEX	2012/4/26
323	10348.98	TAIEX	2012/4/27
324	10378.34	TAIEX	2012/4/30
325	10620.57	TAIEX	2012/5/2
326	10596.66	TAIEX	2012/5/3
327	10653.97	TAIEX	2012/5/4
328	10429.23	TAIEX	2012/5/7
329	10439.79	TAIEX	2012/5/8
330	10342.94	TAIEX	2012/5/9
331	10354.81	TAIEX	2012/5/10
332	10240.47	TAIEX	2012/5/11
333	10206.99	TAIEX	2012/5/14
334	10232.54	TAIEX	2012/5/15
335	10009.69	TAIEX	2012/5/16
336	10178.84	TAIEX	2012/5/17
337	9894.4	TAIEX	2012/5/18
338	9951.18	TAIEX	2012/5/21
339	10065.55	TAIEX	2012/5/22
340	9889.64	TAIEX	2012/5/23
341	9858.26	TAIEX	2012/5/24
342	9784.57	TAIEX	2012/5/25
343	9873.63	TAIEX	2012/5/28
344	10160	TAIEX	2012/5/29
345	10048.63	TAIEX	2012/5/30
346	10103.56	TAIEX	2012/5/31
347	9833.16	TAIEX	2012/6/1
348	9541.15	TAIEX	2012/6/4
349	9687.62	TAIEX	2012/6/5
350	9764.71	TAIEX	2012/6/6
351	9798.14	TAIEX	2012/6/7
352	9686.52	TAIEX	2012/6/8
353	9853.39	TAIEX	2012/6/11
354	9786.85	TAIEX	2012/6/12
355	9810.23	TAIEX	2012/6/13
356	9791.23	TAIEX	2012/6/14
357	9902.95	TAIEX	2012/6/15
358	10076.87	TAIEX	2012/6/18
359	10065.31	TAIEX	2012/6/19
360	10150.52	TAIEX	2012/6/20
361	10074.23	TAIEX	2012/6/21
362	9995.55	TAIEX	2012/6/22
363	9918.82	TAIEX	2012/6/25
364	9879.48	TAIEX	2012/6/26
365	9942.81	TAIEX	2012/6/27
366	9930.23	TAIEX	2012/6/28
367	10106.39	TAIEX	2012/6/29
368	10175.26	TAIEX	2012/7/2
369	10281.59	TAIEX	2012/7/3
370	10351.39	TAIEX	2012/7/4
371	10325.78	TAIEX	2012/7/5
372	10300.17	TAIEX	2012/7/6
373	10247.64	TAIEX	2012/7/9
374	10167.78	TAIEX	2012/7/10
375	10190.23	TAIEX	2012/7/11
376	10021.66	TAIEX	2012/7/12
377	9987.44	TAIEX	2012/7/13
378	9979.59	TAIEX	2012/7/16
379	10063.85	TAIEX	2012/7/17
380	9957.71	TAIEX	2012/7/18
381	10107.93	TAIEX	2012/7/19
382	10134.82	TAIEX	2012/7/20
383	9943.69	TAIEX	2012/7/23
384	9920.62	TAIEX	2012/7/24
385	9889.5	TAIEX	2012/7/25
386	9891.39	TAIEX	2012/7/26
387	10113.39	TAIEX	2012/7/27
388	10163.39	TAIEX	2012/7/30
389	10325.98	TAIEX	2012/7/31
390	10334.54	TAIEX	2012/8/1
391	10269.69	TAIEX	2012/8/3
392	10371.21	TAIEX	2012/8/6
393	10391.98	TAIEX	2012/8/7
394	10440.47	TAIEX	2012/8/8
395	10621.32	TAIEX	2012/8/9
396	10642.7	TAIEX	2012/8/10
397	10636.28	TAIEX	2012/8/13
398	10699.41	TAIEX	2012/8/14
399	10688.72	TAIEX	2012/8/15
400	10726.08	TAIEX	2012/8/16
401	10694.42	TAIEX	2012/8/17
402	10645.59	TAIEX	2012/8/20
403	10757.33	TAIEX	2012/8/21
404	10748.86	TAIEX	2012/8/22
405	10762.54	TAIEX	2012/8/23
406	10723.04	TAIEX	2012/8/24
407	10709.69	TAIEX	2012/8/27
408	10557.4	TAIEX	2012/8/28
409	10599.82	TAIEX	2012/8/29
410	10573.97	TAIEX	2012/8/30
411	10610.76	TAIEX	2012/8/31
412	10687.97	TAIEX	2012/9/3
413	10689.18	TAIEX	2012/9/4
414	10569.05	TAIEX	2012/9/5
415	10511.03	TAIEX	2012/9/6
416	10651.93	TAIEX	2012/9/7
417	10735.56	TAIEX	2012/9/10
418	10739.09	TAIEX	2012/9/11
419	10862.38	TAIEX	2012/9/12
420	10875.06	TAIEX	2012/9/13
421	11103.7	TAIEX	2012/9/14
422	11138.6	TAIEX	2012/9/17
423	11098.77	TAIEX	2012/9/18
424	11167.47	TAIEX	2012/9/19
425	11089.47	TAIEX	2012/9/20
426	11128.32	TAIEX	2012/9/21
427	11148.02	TAIEX	2012/9/24
428	11099.07	TAIEX	2012/9/25
429	11006.52	TAIEX	2012/9/26
430	11026.9	TAIEX	2012/9/27
431	11072.13	TAIEX	2012/9/28
432	11015.53	TAIEX	2012/10/1
433	11077.18	TAIEX	2012/10/2
434	11028.31	TAIEX	2012/10/3
435	11025.05	TAIEX	2012/10/4
436	11036.98	TAIEX	2012/10/5
437	10929.68	TAIEX	2012/10/8
438	10895.41	TAIEX	2012/10/9
439	10694.08	TAIEX	2012/10/11
440	10673.01	TAIEX	2012/10/12
441	10646.98	TAIEX	2012/10/15
442	10721.77	TAIEX	2012/10/16
443	10712.28	TAIEX	2012/10/17
444	10713.72	TAIEX	2012/10/18
445	10632.42	TAIEX	2012/10/19
446	10581.16	TAIEX	2012/10/22
447	10530.14	TAIEX	2012/10/23
448	10497.71	TAIEX	2012/10/24
449	10422.29	TAIEX	2012/10/25
450	10238.55	TAIEX	2012/10/26
451	10177.72	TAIEX	2012/10/29
452	10308.28	TAIEX	2012/10/30
453	10284.53	TAIEX	2012/10/31
454	10304.03	TAIEX	2012/11/1
455	10348.28	TAIEX	2012/11/2
456	10312.24	TAIEX	2012/11/5
457	10385.89	TAIEX	2012/11/6
458	10458.37	TAIEX	2012/11/7
459	10394.44	TAIEX	2012/11/8
460	10467.05	TAIEX	2012/11/9
461	10430.49	TAIEX	2012/11/12
462	10241.47	TAIEX	2012/11/13
463	10275.5	TAIEX	2012/11/14
464	10252.65	TAIEX	2012/11/15
465	10232.89	TAIEX	2012/11/16
466	10231.42	TAIEX	2012/11/19
467	10255.43	TAIEX	2012/11/20
468	10173.22	TAIEX	2012/11/21
469	10198	TAIEX	2012/11/22
470	10514.1	TAIEX	2012/11/23
471	10630.87	TAIEX	2012/11/26
472	10663.63	TAIEX	2012/11/27
473	10670.42	TAIEX	2012/11/28
474	10768.91	TAIEX	2012/11/29
475	10878.87	TAIEX	2012/11/30
476	10907.2	TAIEX	2012/12/3
477	10908.74	TAIEX	2012/12/4
478	10977.72	TAIEX	2012/12/5
479	10940.71	TAIEX	2012/12/6
480	10967.98	TAIEX	2012/12/7
481	10920.95	TAIEX	2012/12/10
482	10926.97	TAIEX	2012/12/11
483	11036.76	TAIEX	2012/12/12
484	11132.77	TAIEX	2012/12/13
485	11049.08	TAIEX	2012/12/14
486	10952.21	TAIEX	2012/12/17
487	10970.09	TAIEX	2012/12/18
488	11018.51	TAIEX	2012/12/19
489	10900.81	TAIEX	2012/12/20
490	10792.4	TAIEX	2012/12/21
491	10821.42	TAIEX	2012/12/22
492	10814.78	TAIEX	2012/12/24
493	10959.81	TAIEX	2012/12/25
494	10956.4	TAIEX	2012/12/26
495	10976.81	TAIEX	2012/12/27
496	11050.13	TAIEX	2012/12/28
497	11164.55	TAIEX	2013/1/2
498	11247.23	TAIEX	2013/1/3
499	11202.96	TAIEX	2013/1/4
500	11129.91	TAIEX	2013/1/7
501	11081.93	TAIEX	2013/1/8
502	11106.29	TAIEX	2013/1/9
503	11211.06	TAIEX	2013/1/10
504	11221.85	TAIEX	2013/1/11
505	11228.76	TAIEX	2013/1/14
506	11144.16	TAIEX	2013/1/15
507	11051.45	TAIEX	2013/1/16
508	10931.21	TAIEX	2013/1/17
509	11098.01	TAIEX	2013/1/18
510	11086.61	TAIEX	2013/1/21
511	11135.66	TAIEX	2013/1/22
512	11114.25	TAIEX	2013/1/23
513	11045.09	TAIEX	2013/1/24
514	11011.49	TAIEX	2013/1/25
515	11071.89	TAIEX	2013/1/28
516	11197.23	TAIEX	2013/1/29
517	11241.7	TAIEX	2013/1/30
518	11266.15	TAIEX	2013/1/31
519	11274.68	TAIEX	2013/2/1
520	11371.12	TAIEX	2013/2/4
521	11319.14	TAIEX	2013/2/5
522	11347.42	TAIEX	2013/2/6
523	11400.36	TAIEX	2013/2/18
524	11425.25	TAIEX	2013/2/19
525	11523.15	TAIEX	2013/2/20
526	11420.34	TAIEX	2013/2/21
527	11406.37	TAIEX	2013/2/22
528	11462.59	TAIEX	2013/2/23
529	11406.31	TAIEX	2013/2/25
530	11310.47	TAIEX	2013/2/26
531	11334.98	TAIEX	2013/2/27
532	11430.63	TAIEX	2013/3/1
533	11291	TAIEX	2013/3/4
534	11384.83	TAIEX	2013/3/5
535	11410.07	TAIEX	2013/3/6
536	11424.72	TAIEX	2013/3/7
537	11503.12	TAIEX	2013/3/8
538	11536.97	TAIEX	2013/3/11
539	11473.8	TAIEX	2013/3/12
540	11474.95	TAIEX	2013/3/13
541	11412.16	TAIEX	2013/3/14
542	11377.33	TAIEX	2013/3/15
543	11210.64	TAIEX	2013/3/18
544	11249.58	TAIEX	2013/3/19
545	11191.54	TAIEX	2013/3/20
546	11211.36	TAIEX	2013/3/21
547	11188.93	TAIEX	2013/3/22
548	11274.91	TAIEX	2013/3/25
549	11275.25	TAIEX	2013/3/26
550	11329.44	TAIEX	2013/3/27
551	11290.34	TAIEX	2013/3/28
552	11364.58	TAIEX	2013/3/29
553	11336.79	TAIEX	2013/4/1
554	11356.8	TAIEX	2013/4/2
555	11398.66	TAIEX	2013/4/3
556	11126.6	TAIEX	2013/4/8
557	11091.81	TAIEX	2013/4/9
558	11126.62	TAIEX	2013/4/10
559	11277.58	TAIEX	2013/4/11
560	11225.41	TAIEX	2013/4/12
561	11142.03	TAIEX	2013/4/15
562	11195.86	TAIEX	2013/4/16
563	11207.38	TAIEX	2013/4/17
564	11181.95	TAIEX	2013/4/18
565	11382.08	TAIEX	2013/4/19
566	11438.89	TAIEX	2013/4/22
567	11399.27	TAIEX	2013/4/23
568	11515.9	TAIEX	2013/4/24
569	11513.1	TAIEX	2013/4/25
570	11513.53	TAIEX	2013/4/26
571	11524.56	TAIEX	2013/4/29
572	11616.3	TAIEX	2013/4/30
573	11666.32	TAIEX	2013/5/2
574	11675.68	TAIEX	2013/5/3
575	11724.5	TAIEX	2013/5/6
576	11715.91	TAIEX	2013/5/7
577	11865.22	TAIEX	2013/5/8
578	11892.37	TAIEX	2013/5/9
579	11884.3	TAIEX	2013/5/10
580	11838.45	TAIEX	2013/5/13
581	11843.48	TAIEX	2013/5/14
582	11939.31	TAIEX	2013/5/15
583	12041.87	TAIEX	2013/5/16
584	12010.5	TAIEX	2013/5/17
585	12023.21	TAIEX	2013/5/20
586	12032.34	TAIEX	2013/5/21
587	12055.18	TAIEX	2013/5/22
588	11824.07	TAIEX	2013/5/23
589	11783.8	TAIEX	2013/5/24
590	11884.74	TAIEX	2013/5/27
591	11860.28	TAIEX	2013/5/28
592	11967.71	TAIEX	2013/5/29
593	11831.9	TAIEX	2013/5/30
594	11848.42	TAIEX	2013/5/31
595	11771.23	TAIEX	2013/6/3
596	11757.16	TAIEX	2013/6/4
597	11743.81	TAIEX	2013/6/5
598	11621.1	TAIEX	2013/6/6
599	11620.04	TAIEX	2013/6/7
600	11714.4	TAIEX	2013/6/10
601	11650.66	TAIEX	2013/6/11
602	11414.8	TAIEX	2013/6/13
603	11394.82	TAIEX	2013/6/14
604	11473.99	TAIEX	2013/6/17
605	11500.01	TAIEX	2013/6/18
606	11495.91	TAIEX	2013/6/19
607	11340.17	TAIEX	2013/6/20
608	11188.72	TAIEX	2013/6/21
609	11138.18	TAIEX	2013/6/24
610	11002.22	TAIEX	2013/6/25
611	11178.22	TAIEX	2013/6/26
612	11324.96	TAIEX	2013/6/27
613	11584.02	TAIEX	2013/6/28
614	11553.25	TAIEX	2013/7/1
615	11528.11	TAIEX	2013/7/2
616	11420.25	TAIEX	2013/7/3
617	11403.28	TAIEX	2013/7/4
618	11560.42	TAIEX	2013/7/5
619	11412.61	TAIEX	2013/7/8
620	11537.69	TAIEX	2013/7/9
621	11600.46	TAIEX	2013/7/10
622	11847.44	TAIEX	2013/7/11
623	11910.74	TAIEX	2013/7/12
624	11969.03	TAIEX	2013/7/15
625	11989.52	TAIEX	2013/7/16
626	12024.74	TAIEX	2013/7/17
627	11938.79	TAIEX	2013/7/18
628	11749.86	TAIEX	2013/7/19
629	11819.23	TAIEX	2013/7/22
630	11985.11	TAIEX	2013/7/23
631	11967.14	TAIEX	2013/7/24
632	11933.73	TAIEX	2013/7/25
633	11918.21	TAIEX	2013/7/26
634	11825.66	TAIEX	2013/7/29
635	11947.97	TAIEX	2013/7/30
636	11870.23	TAIEX	2013/7/31
637	11808.6	TAIEX	2013/8/1
638	11878.07	TAIEX	2013/8/2
639	11935.81	TAIEX	2013/8/5
640	11790.87	TAIEX	2013/8/6
641	11626.71	TAIEX	2013/8/7
642	11623.86	TAIEX	2013/8/8
643	11549.23	TAIEX	2013/8/9
644	11619.71	TAIEX	2013/8/12
645	11749.1	TAIEX	2013/8/13
646	11702.13	TAIEX	2013/8/14
647	11616.32	TAIEX	2013/8/15
648	11671.98	TAIEX	2013/8/16
649	11637.31	TAIEX	2013/8/19
650	11538.15	TAIEX	2013/8/20
651	11512.56	TAIEX	2013/8/22
652	11601.81	TAIEX	2013/8/23
653	11635.47	TAIEX	2013/8/26
654	11530.4	TAIEX	2013/8/27
655	11537.06	TAIEX	2013/8/28
656	11681.9	TAIEX	2013/8/29
657	11837	TAIEX	2013/8/30
658	11862.52	TAIEX	2013/9/2
659	11935.94	TAIEX	2013/9/3
660	11928.92	TAIEX	2013/9/4
661	12055.65	TAIEX	2013/9/5
662	12048.46	TAIEX	2013/9/6
663	12099.26	TAIEX	2013/9/9
664	12124.71	TAIEX	2013/9/10
665	12125.37	TAIEX	2013/9/11
666	12149.63	TAIEX	2013/9/12
667	12065.2	TAIEX	2013/9/13
668	12027.21	TAIEX	2013/9/14
669	12193.91	TAIEX	2013/9/16
670	12185.78	TAIEX	2013/9/17
671	12125.82	TAIEX	2013/9/18
672	12249.38	TAIEX	2013/9/23
673	12258.87	TAIEX	2013/9/24
674	12236.39	TAIEX	2013/9/25
675	12089.83	TAIEX	2013/9/26
676	12157.78	TAIEX	2013/9/27
677	12073.87	TAIEX	2013/9/30
678	12095.1	TAIEX	2013/10/1
679	12138.69	TAIEX	2013/10/2
680	12349.21	TAIEX	2013/10/3
681	12357.38	TAIEX	2013/10/4
682	12312.05	TAIEX	2013/10/7
683	12374.08	TAIEX	2013/10/8
684	12328.39	TAIEX	2013/10/9
685	12335.25	TAIEX	2013/10/11
686	12223.85	TAIEX	2013/10/14
687	12362.6	TAIEX	2013/10/15
688	12309.87	TAIEX	2013/10/16
689	12372.67	TAIEX	2013/10/17
690	12470.93	TAIEX	2013/10/18
691	12438.61	TAIEX	2013/10/21
692	12437.07	TAIEX	2013/10/22
693	12400.72	TAIEX	2013/10/23
694	12430.41	TAIEX	2013/10/24
695	12331.28	TAIEX	2013/10/25
696	12421.72	TAIEX	2013/10/28
697	12441.14	TAIEX	2013/10/29
698	12506.29	TAIEX	2013/10/30
699	12484.12	TAIEX	2013/10/31
700	12392.72	TAIEX	2013/11/1
701	12342.42	TAIEX	2013/11/4
702	12206.6	TAIEX	2013/11/5
703	12236.03	TAIEX	2013/11/6
704	12238.63	TAIEX	2013/11/7
705	12158.67	TAIEX	2013/11/8
706	12089.19	TAIEX	2013/11/11
707	12108.03	TAIEX	2013/11/12
708	11973.58	TAIEX	2013/11/13
709	12018.87	TAIEX	2013/11/14
710	12081.23	TAIEX	2013/11/15
711	12102.42	TAIEX	2013/11/18
712	12204	TAIEX	2013/11/19
713	12121.64	TAIEX	2013/11/20
714	11966.49	TAIEX	2013/11/21
715	11992.09	TAIEX	2013/11/22
716	12096.6	TAIEX	2013/11/25
717	12185.99	TAIEX	2013/11/26
718	12256.71	TAIEX	2013/11/27
719	12355.03	TAIEX	2013/11/28
720	12420.62	TAIEX	2013/11/29
721	12432.12	TAIEX	2013/12/2
722	12399.53	TAIEX	2013/12/3
723	12437.12	TAIEX	2013/12/4
724	12374.39	TAIEX	2013/12/5
725	12362.84	TAIEX	2013/12/6
726	12476.46	TAIEX	2013/12/9
727	12474.64	TAIEX	2013/12/10
728	12460.42	TAIEX	2013/12/11
729	12353.41	TAIEX	2013/12/12
730	12376.47	TAIEX	2013/12/13
731	12283.49	TAIEX	2013/12/16
732	12341.2	TAIEX	2013/12/17
733	12335.45	TAIEX	2013/12/18
734	12421.68	TAIEX	2013/12/19
735	12423.35	TAIEX	2013/12/20
736	12494.16	TAIEX	2013/12/23
737	12485.35	TAIEX	2013/12/24
738	12510.85	TAIEX	2013/12/25
739	12537.65	TAIEX	2013/12/26
740	12610.27	TAIEX	2013/12/27
741	12740.86	TAIEX	2013/12/30
742	12723.25	TAIEX	2013/12/31
743	12724.76	TAIEX	2014/1/2
744	12627.25	TAIEX	2014/1/3
745	12558.51	TAIEX	2014/1/6
746	12576.67	TAIEX	2014/1/7
747	12641.24	TAIEX	2014/1/8
748	12580.19	TAIEX	2014/1/9
749	12601.86	TAIEX	2014/1/10
750	12656.3	TAIEX	2014/1/13
751	12629.61	TAIEX	2014/1/14
752	12710.01	TAIEX	2014/1/15
753	12724.13	TAIEX	2014/1/16
754	12700.33	TAIEX	2014/1/17
755	12738.09	TAIEX	2014/1/20
756	12706.1	TAIEX	2014/1/21
757	12743.62	TAIEX	2014/1/22
758	12698.99	TAIEX	2014/1/23
759	12703.74	TAIEX	2014/1/24
760	12503.19	TAIEX	2014/1/27
761	12210.52	TAIEX	2014/2/5
762	12279.27	TAIEX	2014/2/6
763	12392.05	TAIEX	2014/2/7
764	12398.85	TAIEX	2014/2/10
765	12455.9	TAIEX	2014/2/11
766	12574.55	TAIEX	2014/2/12
767	12510.77	TAIEX	2014/2/13
768	12578.7	TAIEX	2014/2/14
769	12587.38	TAIEX	2014/2/17
770	12641.57	TAIEX	2014/2/18
771	12672.27	TAIEX	2014/2/19
772	12594.87	TAIEX	2014/2/20
773	12708.98	TAIEX	2014/2/21
774	12648.05	TAIEX	2014/2/24
775	12670.22	TAIEX	2014/2/25
776	12707.52	TAIEX	2014/2/26
777	12764.71	TAIEX	2014/2/27
778	12709.17	TAIEX	2014/3/3
779	12639.07	TAIEX	2014/3/4
780	12754.9	TAIEX	2014/3/5
781	12874.36	TAIEX	2014/3/6
782	12874.61	TAIEX	2014/3/7
783	12802.63	TAIEX	2014/3/10
784	12857.42	TAIEX	2014/3/11
785	12831.42	TAIEX	2014/3/12
786	12924.6	TAIEX	2014/3/13
787	12835.7	TAIEX	2014/3/14
788	12854.13	TAIEX	2014/3/17
789	12901.18	TAIEX	2014/3/18
790	12838.42	TAIEX	2014/3/19
791	12702.29	TAIEX	2014/3/20
792	12672.52	TAIEX	2014/3/21
793	12714.19	TAIEX	2014/3/24
794	12838.18	TAIEX	2014/3/25
795	12909.05	TAIEX	2014/3/26
796	12971.54	TAIEX	2014/3/27
797	12964.26	TAIEX	2014/3/28
798	13074.55	TAIEX	2014/3/31
799	13109.8	TAIEX	2014/4/1
800	13157.54	TAIEX	2014/4/2
801	13132.55	TAIEX	2014/4/3
802	13114.68	TAIEX	2014/4/7
803	13132.12	TAIEX	2014/4/8
804	13194.65	TAIEX	2014/4/9
805	13220.54	TAIEX	2014/4/10
806	13161.37	TAIEX	2014/4/11
807	13086.56	TAIEX	2014/4/14
808	13174.17	TAIEX	2014/4/15
809	13184.68	TAIEX	2014/4/16
810	13214.73	TAIEX	2014/4/17
811	13247.97	TAIEX	2014/4/18
812	13225.12	TAIEX	2014/4/21
813	13259.86	TAIEX	2014/4/22
814	13233.58	TAIEX	2014/4/23
815	13216.64	TAIEX	2014/4/24
816	12963.49	TAIEX	2014/4/25
817	13016.08	TAIEX	2014/4/28
818	13108.27	TAIEX	2014/4/29
819	12989.08	TAIEX	2014/4/30
820	13101.2	TAIEX	2014/5/2
821	13105.79	TAIEX	2014/5/5
822	13168.26	TAIEX	2014/5/6
823	13139.93	TAIEX	2014/5/7
824	13195.79	TAIEX	2014/5/8
825	13134.9	TAIEX	2014/5/9
826	13015.09	TAIEX	2014/5/12
827	13028.88	TAIEX	2014/5/13
828	13113.43	TAIEX	2014/5/14
829	13121.71	TAIEX	2014/5/15
830	13133.24	TAIEX	2014/5/16
831	13150.15	TAIEX	2014/5/19
832	13132.26	TAIEX	2014/5/20
833	13095.15	TAIEX	2014/5/21
834	13253.58	TAIEX	2014/5/22
835	13310.6	TAIEX	2014/5/23
836	13351.82	TAIEX	2014/5/26
837	13380.3	TAIEX	2014/5/27
838	13478.45	TAIEX	2014/5/28
839	13459.67	TAIEX	2014/5/29
840	13410.77	TAIEX	2014/5/30
841	13481.03	TAIEX	2014/6/3
842	13475.99	TAIEX	2014/6/4
843	13506.67	TAIEX	2014/6/5
844	13497.41	TAIEX	2014/6/6
845	13539.2	TAIEX	2014/6/9
846	13627.81	TAIEX	2014/6/10
847	13638.78	TAIEX	2014/6/11
848	13601.71	TAIEX	2014/6/12
849	13589.51	TAIEX	2014/6/13
850	13599.18	TAIEX	2014/6/16
851	13655.75	TAIEX	2014/6/17
852	13715.55	TAIEX	2014/6/18
853	13770.13	TAIEX	2014/6/19
854	13706.67	TAIEX	2014/6/20
855	13647.54	TAIEX	2014/6/23
856	13683.8	TAIEX	2014/6/24
857	13677.97	TAIEX	2014/6/25
858	13799.93	TAIEX	2014/6/26
859	13789.21	TAIEX	2014/6/27
860	13919.39	TAIEX	2014/6/30
861	14008.09	TAIEX	2014/7/1
862	14073.18	TAIEX	2014/7/2
863	14150.71	TAIEX	2014/7/3
864	14147.69	TAIEX	2014/7/4
865	14167.45	TAIEX	2014/7/7
866	14187.05	TAIEX	2014/7/8
867	14143.48	TAIEX	2014/7/9
868	14265.25	TAIEX	2014/7/10
869	14164.84	TAIEX	2014/7/11
870	14248.39	TAIEX	2014/7/14
871	14324.83	TAIEX	2014/7/15
872	14217.5	TAIEX	2014/7/16
873	14131.31	TAIEX	2014/7/17
874	14123.25	TAIEX	2014/7/18
875	14185.04	TAIEX	2014/7/21
876	14275.64	TAIEX	2014/7/22
877	14332.24	TAIEX	2014/7/24
878	14205.41	TAIEX	2014/7/25
879	14179.32	TAIEX	2014/7/28
880	14143.74	TAIEX	2014/7/29
881	14233.38	TAIEX	2014/7/30
882	14045.85	TAIEX	2014/7/31
883	13981.9	TAIEX	2014/8/1
884	14080.22	TAIEX	2014/8/4
885	13799.12	TAIEX	2014/8/5
886	13810.94	TAIEX	2014/8/6
887	13802.59	TAIEX	2014/8/7
888	13734.72	TAIEX	2014/8/8
889	13877.16	TAIEX	2014/8/11
890	13863.92	TAIEX	2014/8/12
891	13981.02	TAIEX	2014/8/13
892	13994.5	TAIEX	2014/8/14
893	13958.89	TAIEX	2014/8/15
894	13860.15	TAIEX	2014/8/18
895	14021.51	TAIEX	2014/8/19
896	14089.9	TAIEX	2014/8/20
897	14042.36	TAIEX	2014/8/21
898	14235.45	TAIEX	2014/8/22
899	14255.34	TAIEX	2014/8/25
900	14263.04	TAIEX	2014/8/26
901	14404.3	TAIEX	2014/8/27
902	14417.62	TAIEX	2014/8/28
903	14355.86	TAIEX	2014/8/29
904	14473.43	TAIEX	2014/9/1
905	14303.09	TAIEX	2014/9/2
906	14380.67	TAIEX	2014/9/3
907	14348.55	TAIEX	2014/9/4
908	14320.25	TAIEX	2014/9/5
909	14361.1	TAIEX	2014/9/9
910	14243.68	TAIEX	2014/9/10
911	14190.93	TAIEX	2014/9/11
912	14040.06	TAIEX	2014/9/12
913	14031.35	TAIEX	2014/9/15
914	13903.39	TAIEX	2014/9/16
915	13999.46	TAIEX	2014/9/17
916	14063.2	TAIEX	2014/9/18
917	14068.41	TAIEX	2014/9/19
918	13907.34	TAIEX	2014/9/22
919	13831.59	TAIEX	2014/9/23
920	13852.97	TAIEX	2014/9/24
921	13720.67	TAIEX	2014/9/25
922	13687.59	TAIEX	2014/9/26
923	13643.44	TAIEX	2014/9/29
924	13652.82	TAIEX	2014/9/30
925	13688.43	TAIEX	2014/10/1
926	13665.49	TAIEX	2014/10/2
927	13865.1	TAIEX	2014/10/3
928	13848.15	TAIEX	2014/10/6
929	13765.43	TAIEX	2014/10/7
930	13635.06	TAIEX	2014/10/8
931	13652.2	TAIEX	2014/10/9
932	13263.86	TAIEX	2014/10/13
933	13351.45	TAIEX	2014/10/14
934	13179.56	TAIEX	2014/10/15
935	13146.35	TAIEX	2014/10/16
936	12962.43	TAIEX	2014/10/17
937	13191.22	TAIEX	2014/10/20
938	13178.29	TAIEX	2014/10/21
939	13321.71	TAIEX	2014/10/22
940	13294.67	TAIEX	2014/10/23
941	13165.15	TAIEX	2014/10/24
942	13137.39	TAIEX	2014/10/27
943	13359.35	TAIEX	2014/10/28
944	13557.61	TAIEX	2014/10/29
945	13533.83	TAIEX	2014/10/30
946	13666.06	TAIEX	2014/10/31
947	13711.89	TAIEX	2014/11/3
948	13688.01	TAIEX	2014/11/4
949	13647.54	TAIEX	2014/11/5
950	13538.54	TAIEX	2014/11/6
951	13571.43	TAIEX	2014/11/7
952	13780.59	TAIEX	2014/11/10
953	13756.52	TAIEX	2014/11/11
954	13581.11	TAIEX	2014/11/12
955	13675.1	TAIEX	2014/11/13
956	13678.46	TAIEX	2014/11/14
957	13528.49	TAIEX	2014/11/17
958	13489.93	TAIEX	2014/11/18
959	13648.55	TAIEX	2014/11/19
960	13824.62	TAIEX	2014/11/20
961	13843.91	TAIEX	2014/11/21
962	13890.8	TAIEX	2014/11/24
963	13881.53	TAIEX	2014/11/25
964	13890.9	TAIEX	2014/11/26
965	13956.24	TAIEX	2014/11/27
966	13989.51	TAIEX	2014/11/28
967	13883.77	TAIEX	2014/12/1
968	13757.5	TAIEX	2014/12/2
969	13971.4	TAIEX	2014/12/3
970	14047.32	TAIEX	2014/12/4
971	14019.08	TAIEX	2014/12/5
972	13989.72	TAIEX	2014/12/8
973	13900.81	TAIEX	2014/12/9
974	13753.49	TAIEX	2014/12/10
975	13724.43	TAIEX	2014/12/11
976	13746.14	TAIEX	2014/12/12
977	13682.65	TAIEX	2014/12/15
978	13629.79	TAIEX	2014/12/16
979	13443.16	TAIEX	2014/12/17
980	13519.71	TAIEX	2014/12/18
981	13703.79	TAIEX	2014/12/19
982	13849.19	TAIEX	2014/12/22
983	13853.31	TAIEX	2014/12/23
984	13988.02	TAIEX	2014/12/24
985	13946.19	TAIEX	2014/12/25
986	14030.5	TAIEX	2014/12/26
987	14037.24	TAIEX	2014/12/27
988	14140.45	TAIEX	2014/12/29
989	14113.28	TAIEX	2014/12/30
990	14172.4	TAIEX	2014/12/31
991	14121.92	TAIEX	2015/1/5
992	13778.14	TAIEX	2015/1/6
993	13826.48	TAIEX	2015/1/7
994	14066.99	TAIEX	2015/1/8
995	14032.8	TAIEX	2015/1/9
996	13976.03	TAIEX	2015/1/12
997	14057.49	TAIEX	2015/1/13
998	13978.97	TAIEX	2015/1/14
999	13955.91	TAIEX	2015/1/15
1000	13915.11	TAIEX	2015/1/16
1001	13969.58	TAIEX	2015/1/19
1002	14087.79	TAIEX	2015/1/20
1003	14191.36	TAIEX	2015/1/21
1004	14267.19	TAIEX	2015/1/22
1005	14421.64	TAIEX	2015/1/23
1006	14431.89	TAIEX	2015/1/26
1007	14498.77	TAIEX	2015/1/27
1008	14482.51	TAIEX	2015/1/28
1009	14354.58	TAIEX	2015/1/29
1010	14255.62	TAIEX	2015/1/30
1011	14293.82	TAIEX	2015/2/2
1012	14387.81	TAIEX	2015/2/3
1013	14487.09	TAIEX	2015/2/4
1014	14484.24	TAIEX	2015/2/5
1015	14399.17	TAIEX	2015/2/6
1016	14346.36	TAIEX	2015/2/9
1017	14304.03	TAIEX	2015/2/10
1018	14408.36	TAIEX	2015/2/11
1019	14460.27	TAIEX	2015/2/12
1020	14510.83	TAIEX	2015/2/13
1021	14662.89	TAIEX	2015/2/24
1022	14769.74	TAIEX	2015/2/25
1023	14651.82	TAIEX	2015/2/26
1024	14620.23	TAIEX	2015/3/2
1025	14626.95	TAIEX	2015/3/3
1026	14651.25	TAIEX	2015/3/4
1027	14610.68	TAIEX	2015/3/5
1028	14687.87	TAIEX	2015/3/6
1029	14561.8	TAIEX	2015/3/9
1030	14521.51	TAIEX	2015/3/10
1031	14501.2	TAIEX	2015/3/11
1032	14612.07	TAIEX	2015/3/12
1033	14586.72	TAIEX	2015/3/13
1034	14485.55	TAIEX	2015/3/16
1035	14525.95	TAIEX	2015/3/17
1036	14699.53	TAIEX	2015/3/18
1037	14826.37	TAIEX	2015/3/19
1038	14846.1	TAIEX	2015/3/20
1039	14858.89	TAIEX	2015/3/23
1040	14818.64	TAIEX	2015/3/24
1041	14721.45	TAIEX	2015/3/25
1042	14647.28	TAIEX	2015/3/26
1043	14471.56	TAIEX	2015/3/27
1044	14499.19	TAIEX	2015/3/30
1045	14597.52	TAIEX	2015/3/31
1046	14477.55	TAIEX	2015/4/1
1047	14618.65	TAIEX	2015/4/2
1048	14681.97	TAIEX	2015/4/7
1049	14575.48	TAIEX	2015/4/8
1050	14569.5	TAIEX	2015/4/9
1051	14645.11	TAIEX	2015/4/10
1052	14719.46	TAIEX	2015/4/13
1053	14682.46	TAIEX	2015/4/14
1054	14526.9	TAIEX	2015/4/15
1055	14704.76	TAIEX	2015/4/16
1056	14573.9	TAIEX	2015/4/17
1057	14546.37	TAIEX	2015/4/20
1058	14517.63	TAIEX	2015/4/21
1059	14637.96	TAIEX	2015/4/22
1060	14918.89	TAIEX	2015/4/23
1061	15095.2	TAIEX	2015/4/24
1062	15186.32	TAIEX	2015/4/27
1063	15161.52	TAIEX	2015/4/28
1064	15004.68	TAIEX	2015/4/29
1065	14953.23	TAIEX	2015/4/30
1066	14991.62	TAIEX	2015/5/4
1067	14953.69	TAIEX	2015/5/5
1068	14950.75	TAIEX	2015/5/6
1069	14777.02	TAIEX	2015/5/7
1070	14758.59	TAIEX	2015/5/8
1071	14715.52	TAIEX	2015/5/11
1072	14741.41	TAIEX	2015/5/12
1073	14807.48	TAIEX	2015/5/13
1074	14635.25	TAIEX	2015/5/14
1075	14587.52	TAIEX	2015/5/15
1076	14628.05	TAIEX	2015/5/18
1077	14796.58	TAIEX	2015/5/19
1078	14748.68	TAIEX	2015/5/20
1079	14586.12	TAIEX	2015/5/21
1080	14677.84	TAIEX	2015/5/22
1081	14687.55	TAIEX	2015/5/25
1082	14724.46	TAIEX	2015/5/26
1083	14761.36	TAIEX	2015/5/27
1084	14790.76	TAIEX	2015/5/28
1085	14772.83	TAIEX	2015/5/29
1086	14658.67	TAIEX	2015/6/1
1087	14641.27	TAIEX	2015/6/2
1088	14553.47	TAIEX	2015/6/3
1089	14236.88	TAIEX	2015/6/4
1090	14223.93	TAIEX	2015/6/5
1091	14267.25	TAIEX	2015/6/8
1092	13999.29	TAIEX	2015/6/9
1093	14161.7	TAIEX	2015/6/10
1094	14167.97	TAIEX	2015/6/11
1095	14167.12	TAIEX	2015/6/12
1096	14103.6	TAIEX	2015/6/15
1097	14032.87	TAIEX	2015/6/16
1098	13998.95	TAIEX	2015/6/17
1099	14042.92	TAIEX	2015/6/18
1100	14232.05	TAIEX	2015/6/22
1101	14309.65	TAIEX	2015/6/23
1102	14319.17	TAIEX	2015/6/24
1103	14440.35	TAIEX	2015/6/25
1104	14428.68	TAIEX	2015/6/26
1105	14144.9	TAIEX	2015/6/29
1106	14307.35	TAIEX	2015/6/30
1107	14401.91	TAIEX	2015/7/1
1108	14416.53	TAIEX	2015/7/2
1109	14391.89	TAIEX	2015/7/3
1110	14239.1	TAIEX	2015/7/6
1111	14237.53	TAIEX	2015/7/7
1112	13817.85	TAIEX	2015/7/8
1113	13743.06	TAIEX	2015/7/9
1114	13936.67	TAIEX	2015/7/13
1115	13962.85	TAIEX	2015/7/14
1116	14016.79	TAIEX	2015/7/15
1117	14033.93	TAIEX	2015/7/16
1118	14041.88	TAIEX	2015/7/17
1119	13937.12	TAIEX	2015/7/20
1120	13991.22	TAIEX	2015/7/21
1121	13862.71	TAIEX	2015/7/22
1122	13685.18	TAIEX	2015/7/23
1123	13658.28	TAIEX	2015/7/24
1124	13330.86	TAIEX	2015/7/27
1125	13378.88	TAIEX	2015/7/28
1126	13362.86	TAIEX	2015/7/29
1127	13511.41	TAIEX	2015/7/30
1128	13538.36	TAIEX	2015/7/31
1129	13319.24	TAIEX	2015/8/3
1130	13309.81	TAIEX	2015/8/4
1131	13359.35	TAIEX	2015/8/5
1132	13235.14	TAIEX	2015/8/6
1133	13224.89	TAIEX	2015/8/7
1134	13281.67	TAIEX	2015/8/10
1135	13175.1	TAIEX	2015/8/11
1136	13003.75	TAIEX	2015/8/12
1137	13070.77	TAIEX	2015/8/13
1138	13061.76	TAIEX	2015/8/14
1139	12921.88	TAIEX	2015/8/17
1140	12866.52	TAIEX	2015/8/18
1141	12623.03	TAIEX	2015/8/19
1142	12639.66	TAIEX	2015/8/20
1143	12257.34	TAIEX	2015/8/21
1144	11666.06	TAIEX	2015/8/24
1145	12088.44	TAIEX	2015/8/25
1146	12153.54	TAIEX	2015/8/26
1147	12337.12	TAIEX	2015/8/27
1148	12645.42	TAIEX	2015/8/28
1149	12894.35	TAIEX	2015/8/31
1150	12651.38	TAIEX	2015/9/1
1151	12681.59	TAIEX	2015/9/2
1152	12808.8	TAIEX	2015/9/3
1153	12657.98	TAIEX	2015/9/4
1154	12636.28	TAIEX	2015/9/7
1155	12660.12	TAIEX	2015/9/8
1156	13111.99	TAIEX	2015/9/9
1157	13083.26	TAIEX	2015/9/10
1158	13142.05	TAIEX	2015/9/11
1159	13145.15	TAIEX	2015/9/14
1160	13070.62	TAIEX	2015/9/15
1161	13186.61	TAIEX	2015/9/16
1162	13364.37	TAIEX	2015/9/17
1163	13390.69	TAIEX	2015/9/18
1164	13147.31	TAIEX	2015/9/21
1165	13240.85	TAIEX	2015/9/22
1166	12967.82	TAIEX	2015/9/23
1167	12856.92	TAIEX	2015/9/24
1168	12871.55	TAIEX	2015/9/25
1169	12948.92	TAIEX	2015/9/30
1170	13130.68	TAIEX	2015/10/1
1171	13145.07	TAIEX	2015/10/2
1172	13219.98	TAIEX	2015/10/5
1173	13286.04	TAIEX	2015/10/6
1174	13446.11	TAIEX	2015/10/7
1175	13368.45	TAIEX	2015/10/8
1176	13570.69	TAIEX	2015/10/12
1177	13561.51	TAIEX	2015/10/13
1178	13489.63	TAIEX	2015/10/14
1179	13615.03	TAIEX	2015/10/15
1180	13620.47	TAIEX	2015/10/16
1181	13662.48	TAIEX	2015/10/19
1182	13697.47	TAIEX	2015/10/20
1183	13627.23	TAIEX	2015/10/21
1184	13626.3	TAIEX	2015/10/22
1185	13729.75	TAIEX	2015/10/23
1186	13843	TAIEX	2015/10/26
1187	13773.29	TAIEX	2015/10/27
1188	13717.37	TAIEX	2015/10/28
1189	13567.14	TAIEX	2015/10/29
1190	13540.6	TAIEX	2015/10/30
1191	13636.3	TAIEX	2015/11/2
1192	13792.14	TAIEX	2015/11/3
1193	14019.85	TAIEX	2015/11/4
1194	14009.04	TAIEX	2015/11/5
1195	13761.14	TAIEX	2015/11/6
1196	13680.33	TAIEX	2015/11/9
1197	13513.2	TAIEX	2015/11/10
1198	13320.26	TAIEX	2015/11/11
1199	13340.97	TAIEX	2015/11/12
1200	13184.9	TAIEX	2015/11/13
1201	13130.94	TAIEX	2015/11/16
1202	13327.25	TAIEX	2015/11/17
1203	13202.28	TAIEX	2015/11/18
1204	13418.72	TAIEX	2015/11/19
1205	13400.13	TAIEX	2015/11/20
1206	13432.22	TAIEX	2015/11/23
1207	13296.85	TAIEX	2015/11/24
1208	13274.68	TAIEX	2015/11/25
1209	13431.02	TAIEX	2015/11/26
1210	13294.11	TAIEX	2015/11/27
1211	13170.98	TAIEX	2015/11/30
1212	13396.84	TAIEX	2015/12/1
1213	13387.49	TAIEX	2015/12/2
1214	13385.38	TAIEX	2015/12/3
1215	13294.42	TAIEX	2015/12/4
1216	13382.54	TAIEX	2015/12/7
1217	13207.77	TAIEX	2015/12/8
1218	13026.93	TAIEX	2015/12/9
1219	13005.65	TAIEX	2015/12/10
1220	12846.91	TAIEX	2015/12/11
1221	12727.03	TAIEX	2015/12/14
1222	12779.57	TAIEX	2015/12/15
1223	12955.77	TAIEX	2015/12/16
1224	13169.48	TAIEX	2015/12/17
1225	13070.79	TAIEX	2015/12/18
1226	13110.11	TAIEX	2015/12/21
1227	13126.86	TAIEX	2015/12/22
1228	13163.19	TAIEX	2015/12/23
1229	13176.9	TAIEX	2015/12/24
1230	13238.52	TAIEX	2015/12/25
1231	13230.93	TAIEX	2015/12/28
1232	13128.71	TAIEX	2015/12/29
1233	13106.66	TAIEX	2015/12/30
1234	13198.59	TAIEX	2015/12/31
1235	12844.34	TAIEX	2016/1/4
1236	12782.35	TAIEX	2016/1/5
1237	12648.25	TAIEX	2016/1/6
1238	12429.29	TAIEX	2016/1/7
1239	12495.63	TAIEX	2016/1/8
1240	12328.55	TAIEX	2016/1/11
1241	12296.93	TAIEX	2016/1/12
1242	12385.83	TAIEX	2016/1/13
1243	12256.45	TAIEX	2016/1/14
1244	12286.75	TAIEX	2016/1/15
1245	12364.57	TAIEX	2016/1/18
1246	12433.75	TAIEX	2016/1/19
1247	12187.2	TAIEX	2016/1/20
1248	12131.61	TAIEX	2016/1/21
1249	12277.51	TAIEX	2016/1/22
1250	12495.91	TAIEX	2016/1/25
1251	12392.26	TAIEX	2016/1/26
1252	12425.75	TAIEX	2016/1/27
1253	12513.24	TAIEX	2016/1/28
1254	12791.05	TAIEX	2016/1/29
1255	12893.32	TAIEX	2016/1/30
1256	12911.93	TAIEX	2016/2/1
1257	12871.2	TAIEX	2016/2/2
1258	12763.19	TAIEX	2016/2/3
1259	12768.75	TAIEX	2016/2/15
1260	12999.16	TAIEX	2016/2/16
1261	13002.6	TAIEX	2016/2/17
1262	13161.56	TAIEX	2016/2/18
1263	13177.98	TAIEX	2016/2/19
1264	13180.58	TAIEX	2016/2/22
1265	13193.18	TAIEX	2016/2/23
1266	13111.21	TAIEX	2016/2/24
1267	13242.6	TAIEX	2016/2/25
1268	13314.3	TAIEX	2016/2/26
1269	13432.27	TAIEX	2016/3/1
1270	13524.65	TAIEX	2016/3/2
1271	13631.89	TAIEX	2016/3/3
1272	13682.17	TAIEX	2016/3/4
1273	13707.48	TAIEX	2016/3/7
1274	13715.02	TAIEX	2016/3/8
1275	13667.22	TAIEX	2016/3/9
1276	13709.32	TAIEX	2016/3/10
1277	13781.24	TAIEX	2016/3/11
1278	13847.34	TAIEX	2016/3/14
1279	13630.92	TAIEX	2016/3/15
1280	13770.16	TAIEX	2016/3/16
1281	13826.18	TAIEX	2016/3/17
1282	13946.77	TAIEX	2016/3/18
1283	13949.92	TAIEX	2016/3/21
1284	13907.14	TAIEX	2016/3/22
1285	13876.13	TAIEX	2016/3/23
1286	13840.19	TAIEX	2016/3/24
1287	13779.38	TAIEX	2016/3/25
1288	13756.4	TAIEX	2016/3/28
1289	13640.69	TAIEX	2016/3/29
1290	13830.15	TAIEX	2016/3/30
1291	13842.48	TAIEX	2016/3/31
1292	13704.33	TAIEX	2016/4/1
1293	13475.98	TAIEX	2016/4/6
1294	13439.5	TAIEX	2016/4/7
1295	13520.62	TAIEX	2016/4/8
1296	13554	TAIEX	2016/4/11
1297	13504.28	TAIEX	2016/4/12
1298	13695.67	TAIEX	2016/4/13
1299	13720.4	TAIEX	2016/4/14
1300	13772.14	TAIEX	2016/4/15
1301	13717.71	TAIEX	2016/4/18
1302	13666.6	TAIEX	2016/4/19
1303	13477.84	TAIEX	2016/4/20
1304	13563.59	TAIEX	2016/4/21
1305	13511.51	TAIEX	2016/4/22
1306	13550.35	TAIEX	2016/4/25
1307	13584.04	TAIEX	2016/4/26
1308	13554.74	TAIEX	2016/4/27
1309	13413.57	TAIEX	2016/4/28
1310	13261.65	TAIEX	2016/4/29
1311	13129.04	TAIEX	2016/5/3
1312	12957.15	TAIEX	2016/5/4
1313	12929.43	TAIEX	2016/5/5
1314	12895.87	TAIEX	2016/5/6
1315	12872.76	TAIEX	2016/5/9
1316	12911.48	TAIEX	2016/5/10
1317	12878.78	TAIEX	2016/5/11
1318	12835.23	TAIEX	2016/5/12
1319	12749.18	TAIEX	2016/5/13
1320	12771.19	TAIEX	2016/5/16
1321	12886.55	TAIEX	2016/5/17
1322	12916.95	TAIEX	2016/5/18
1323	12816.12	TAIEX	2016/5/19
1324	12871.97	TAIEX	2016/5/20
1325	13209.44	TAIEX	2016/5/23
1326	13140.13	TAIEX	2016/5/24
1327	13291.38	TAIEX	2016/5/25
1328	13288.09	TAIEX	2016/5/26
1329	13398.19	TAIEX	2016/5/27
1330	13512.57	TAIEX	2016/5/30
1331	13512.13	TAIEX	2016/5/31
1332	13609.6	TAIEX	2016/6/1
1333	13544.71	TAIEX	2016/6/2
1334	13598.38	TAIEX	2016/6/3
1335	13605.05	TAIEX	2016/6/4
1336	13613.81	TAIEX	2016/6/6
1337	13744.93	TAIEX	2016/6/7
1338	13801.32	TAIEX	2016/6/8
1339	13517.66	TAIEX	2016/6/13
1340	13581.06	TAIEX	2016/6/14
1341	13629.59	TAIEX	2016/6/15
1342	13452.09	TAIEX	2016/6/16
1343	13569.18	TAIEX	2016/6/17
1344	13661.23	TAIEX	2016/6/20
1345	13756.79	TAIEX	2016/6/21
1346	13807.06	TAIEX	2016/6/22
1347	13751.3	TAIEX	2016/6/23
1348	13436.89	TAIEX	2016/6/24
1349	13520.95	TAIEX	2016/6/27
1350	13596.83	TAIEX	2016/6/28
1351	13728.77	TAIEX	2016/6/29
1352	13869.89	TAIEX	2016/6/30
1353	13986.37	TAIEX	2016/7/1
1354	14044.9	TAIEX	2016/7/4
1355	13977.7	TAIEX	2016/7/5
1356	13766.24	TAIEX	2016/7/6
1357	13888.96	TAIEX	2016/7/7
1358	14128.03	TAIEX	2016/7/11
1359	14234.16	TAIEX	2016/7/12
1360	14282.59	TAIEX	2016/7/13
1361	14308.93	TAIEX	2016/7/14
1362	14457.21	TAIEX	2016/7/15
1363	14558.82	TAIEX	2016/7/18
1364	14619.8	TAIEX	2016/7/19
1365	14580.73	TAIEX	2016/7/20
1366	14700.09	TAIEX	2016/7/21
1367	14630.38	TAIEX	2016/7/22
1368	14603.09	TAIEX	2016/7/25
1369	14670.69	TAIEX	2016/7/26
1370	14735.18	TAIEX	2016/7/27
1371	14762.78	TAIEX	2016/7/28
1372	14622.84	TAIEX	2016/7/29
1373	14792.04	TAIEX	2016/8/1
1374	14784.5	TAIEX	2016/8/2
1375	14680.28	TAIEX	2016/8/3
1376	14729.33	TAIEX	2016/8/4
1377	14852.69	TAIEX	2016/8/5
1378	14948.55	TAIEX	2016/8/8
1379	14961.36	TAIEX	2016/8/9
1380	15040.79	TAIEX	2016/8/10
1381	14934.16	TAIEX	2016/8/11
1382	14966.08	TAIEX	2016/8/12
1383	14983.13	TAIEX	2016/8/15
1384	14922.77	TAIEX	2016/8/16
1385	14936.23	TAIEX	2016/8/17
1386	14955.63	TAIEX	2016/8/18
1387	14812.62	TAIEX	2016/8/19
1388	14728.54	TAIEX	2016/8/22
1389	14809.36	TAIEX	2016/8/23
1390	14795.69	TAIEX	2016/8/24
1391	14961.95	TAIEX	2016/8/25
1392	14990.27	TAIEX	2016/8/26
1393	14957.62	TAIEX	2016/8/29
1394	14962.15	TAIEX	2016/8/30
1395	14899.62	TAIEX	2016/8/31
1396	14790.74	TAIEX	2016/9/1
1397	14806.99	TAIEX	2016/9/2
1398	14976.43	TAIEX	2016/9/5
1399	15127.54	TAIEX	2016/9/6
1400	15255.14	TAIEX	2016/9/7
1401	15267.19	TAIEX	2016/9/8
1402	15105.64	TAIEX	2016/9/9
1403	14922.56	TAIEX	2016/9/10
1404	14746.96	TAIEX	2016/9/12
1405	14736.69	TAIEX	2016/9/13
1406	14673.19	TAIEX	2016/9/14
1407	15086.19	TAIEX	2016/9/19
1408	15101.1	TAIEX	2016/9/20
1409	15211.41	TAIEX	2016/9/21
1410	15222.78	TAIEX	2016/9/22
1411	15304.14	TAIEX	2016/9/23
1412	15156.06	TAIEX	2016/9/26
1413	15281.96	TAIEX	2016/9/29
1414	15110.44	TAIEX	2016/9/30
1415	15221.46	TAIEX	2016/10/3
1416	15309.76	TAIEX	2016/10/4
1417	15284.23	TAIEX	2016/10/5
1418	15304.15	TAIEX	2016/10/6
1419	15273.65	TAIEX	2016/10/7
1420	15198.21	TAIEX	2016/10/11
1421	15252.23	TAIEX	2016/10/12
1422	15197.13	TAIEX	2016/10/13
1423	15108.11	TAIEX	2016/10/14
1424	15126.32	TAIEX	2016/10/17
1425	15203.14	TAIEX	2016/10/18
1426	15304.5	TAIEX	2016/10/19
1427	15359.37	TAIEX	2016/10/20
1428	15341.77	TAIEX	2016/10/21
1429	15368.04	TAIEX	2016/10/24
1430	15472.36	TAIEX	2016/10/25
1431	15433.79	TAIEX	2016/10/26
1432	15330.43	TAIEX	2016/10/27
1433	15342.58	TAIEX	2016/10/28
1434	15314.95	TAIEX	2016/10/31
1435	15286.23	TAIEX	2016/11/1
1436	15065.93	TAIEX	2016/11/2
1437	14947.94	TAIEX	2016/11/3
1438	14949.46	TAIEX	2016/11/4
1439	15150.06	TAIEX	2016/11/7
1440	15195.55	TAIEX	2016/11/8
1441	14743.45	TAIEX	2016/11/9
1442	15087.99	TAIEX	2016/11/10
1443	14767.47	TAIEX	2016/11/11
1444	14738.84	TAIEX	2016/11/14
1445	14723.39	TAIEX	2016/11/15
1446	14774.83	TAIEX	2016/11/16
1447	14829.29	TAIEX	2016/11/17
1448	14851.59	TAIEX	2016/11/18
1449	14904.87	TAIEX	2016/11/21
1450	15057	TAIEX	2016/11/22
1451	15130.93	TAIEX	2016/11/23
1452	15088.05	TAIEX	2016/11/24
1453	15100.53	TAIEX	2016/11/25
1454	15204.69	TAIEX	2016/11/28
1455	15155.46	TAIEX	2016/11/29
1456	15235.13	TAIEX	2016/11/30
1457	15272.76	TAIEX	2016/12/1
1458	15150.68	TAIEX	2016/12/2
1459	15103.16	TAIEX	2016/12/5
1460	15251.72	TAIEX	2016/12/6
1461	15273.34	TAIEX	2016/12/7
1462	15457.96	TAIEX	2016/12/8
1463	15485.68	TAIEX	2016/12/9
1464	15415.22	TAIEX	2016/12/12
1465	15468.31	TAIEX	2016/12/13
1466	15445.86	TAIEX	2016/12/14
1467	15432.38	TAIEX	2016/12/15
1468	15377.04	TAIEX	2016/12/16
1469	15232.84	TAIEX	2016/12/19
1470	15237.93	TAIEX	2016/12/20
1471	15175.03	TAIEX	2016/12/21
1472	15034.05	TAIEX	2016/12/22
1473	14967.93	TAIEX	2016/12/23
1474	15020.52	TAIEX	2016/12/26
1475	15018.43	TAIEX	2016/12/27
1476	15170.32	TAIEX	2016/12/28
1477	15090.68	TAIEX	2016/12/29
1478	15256.22	TAIEX	2016/12/30
1479	15288.17	TAIEX	2017/1/3
1480	15311.39	TAIEX	2017/1/4
1481	15428.73	TAIEX	2017/1/5
1482	15451.94	TAIEX	2017/1/6
1483	15402.82	TAIEX	2017/1/9
1484	15414.73	TAIEX	2017/1/10
1485	15408.29	TAIEX	2017/1/11
1486	15514.53	TAIEX	2017/1/12
1487	15462.84	TAIEX	2017/1/13
1488	15320.24	TAIEX	2017/1/16
1489	15422.78	TAIEX	2017/1/17
1490	15402.08	TAIEX	2017/1/18
1491	15362.77	TAIEX	2017/1/19
1492	15384.75	TAIEX	2017/1/20
1493	15537.4	TAIEX	2017/1/23
1494	15576.81	TAIEX	2017/1/24
1495	15545.51	TAIEX	2017/2/2
1496	15589.35	TAIEX	2017/2/3
1497	15725.29	TAIEX	2017/2/6
1498	15752.58	TAIEX	2017/2/7
1499	15733.92	TAIEX	2017/2/8
1500	15811.31	TAIEX	2017/2/9
1501	15935.63	TAIEX	2017/2/10
1502	16009.37	TAIEX	2017/2/13
1503	16023.32	TAIEX	2017/2/14
1504	16156.83	TAIEX	2017/2/15
1505	16109.84	TAIEX	2017/2/16
1506	16090.88	TAIEX	2017/2/17
1507	16124.12	TAIEX	2017/2/18
1508	16080.08	TAIEX	2017/2/20
1509	16097.77	TAIEX	2017/2/21
1510	16122.25	TAIEX	2017/2/22
1511	16106.63	TAIEX	2017/2/23
1512	16075.57	TAIEX	2017/2/24
1513	15950.78	TAIEX	2017/3/1
1514	15978.84	TAIEX	2017/3/2
1515	15906.98	TAIEX	2017/3/3
1516	15963.72	TAIEX	2017/3/6
1517	16055.13	TAIEX	2017/3/7
1518	16080.49	TAIEX	2017/3/8
1519	15924.12	TAIEX	2017/3/9
1520	15873.47	TAIEX	2017/3/10
1521	15987.97	TAIEX	2017/3/13
1522	16065.26	TAIEX	2017/3/14
1523	16058.82	TAIEX	2017/3/15
1524	16219.61	TAIEX	2017/3/16
1525	16336.44	TAIEX	2017/3/17
1526	16343.49	TAIEX	2017/3/20
1527	16441.62	TAIEX	2017/3/21
1528	16359.46	TAIEX	2017/3/22
1529	16372.78	TAIEX	2017/3/23
1530	16327.02	TAIEX	2017/3/24
1531	16283.8	TAIEX	2017/3/27
1532	16283.28	TAIEX	2017/3/28
1533	16249.97	TAIEX	2017/3/29
1534	16236.62	TAIEX	2017/3/30
1535	16176.23	TAIEX	2017/3/31
1536	16403.68	TAIEX	2017/4/5
1537	16318.47	TAIEX	2017/4/6
1538	16278.2	TAIEX	2017/4/7
1539	16293.32	TAIEX	2017/4/10
1540	16210.69	TAIEX	2017/4/11
1541	16186.38	TAIEX	2017/4/12
1542	16217.7	TAIEX	2017/4/13
1543	16046.66	TAIEX	2017/4/14
1544	16019.4	TAIEX	2017/4/17
1545	16069.13	TAIEX	2017/4/18
1546	15893.35	TAIEX	2017/4/19
1547	15881.39	TAIEX	2017/4/20
1548	16021.06	TAIEX	2017/4/21
1549	16021.95	TAIEX	2017/4/24
1550	16225.99	TAIEX	2017/4/25
1551	16250.31	TAIEX	2017/4/26
1552	16257.17	TAIEX	2017/4/27
1553	16275.94	TAIEX	2017/4/28
1554	16390.15	TAIEX	2017/5/2
1555	16413.33	TAIEX	2017/5/3
1556	16433.62	TAIEX	2017/5/4
1557	16322.01	TAIEX	2017/5/5
1558	16383.52	TAIEX	2017/5/8
1559	16347.63	TAIEX	2017/5/9
1560	16434.92	TAIEX	2017/5/10
1561	16489.59	TAIEX	2017/5/11
1562	16465.43	TAIEX	2017/5/12
1563	16547.87	TAIEX	2017/5/15
1564	16539.59	TAIEX	2017/5/16
1565	16510.22	TAIEX	2017/5/17
1566	16437.31	TAIEX	2017/5/18
1567	16401.31	TAIEX	2017/5/19
1568	16483.15	TAIEX	2017/5/22
1569	16500.61	TAIEX	2017/5/23
1570	16560.91	TAIEX	2017/5/24
1571	16666.55	TAIEX	2017/5/25
1572	16655.76	TAIEX	2017/5/26
1573	16554.82	TAIEX	2017/5/31
1574	16631.87	TAIEX	2017/6/1
1575	16739.82	TAIEX	2017/6/2
1576	16749.09	TAIEX	2017/6/3
1577	16863.28	TAIEX	2017/6/5
1578	16830.16	TAIEX	2017/6/6
1579	16836.46	TAIEX	2017/6/7
1580	16862.48	TAIEX	2017/6/8
1581	16819.41	TAIEX	2017/6/9
1582	16671.51	TAIEX	2017/6/12
1583	16702.37	TAIEX	2017/6/13
1584	16611.94	TAIEX	2017/6/14
1585	16638.78	TAIEX	2017/6/15
1586	16751.66	TAIEX	2017/6/16
1587	16906.48	TAIEX	2017/6/19
1588	17031.37	TAIEX	2017/6/20
1589	17073.07	TAIEX	2017/6/21
1590	17158.41	TAIEX	2017/6/22
1591	17124.43	TAIEX	2017/6/23
1592	17454.88	TAIEX	2017/6/26
1593	17452	TAIEX	2017/6/27
1594	17283.64	TAIEX	2017/6/28
1595	17338.95	TAIEX	2017/6/29
1596	17298.15	TAIEX	2017/6/30
1597	17367.39	TAIEX	2017/7/3
1598	17263.54	TAIEX	2017/7/4
1599	17366.05	TAIEX	2017/7/5
1600	17340.92	TAIEX	2017/7/6
1601	17226.18	TAIEX	2017/7/7
1602	17217.58	TAIEX	2017/7/10
1603	17448.2	TAIEX	2017/7/11
1604	17484.98	TAIEX	2017/7/12
1605	17608.71	TAIEX	2017/7/13
1606	17587.16	TAIEX	2017/7/14
1607	17625.14	TAIEX	2017/7/17
1608	17693.8	TAIEX	2017/7/18
1609	17740.87	TAIEX	2017/7/19
1610	17739.83	TAIEX	2017/7/20
1611	17657.97	TAIEX	2017/7/21
1612	17703.44	TAIEX	2017/7/24
1613	17719.59	TAIEX	2017/7/25
1614	17658.57	TAIEX	2017/7/26
1615	17824.51	TAIEX	2017/7/27
1616	17681.59	TAIEX	2017/7/28
1617	17697.54	TAIEX	2017/7/31
1618	17728.87	TAIEX	2017/8/1
1619	17879.09	TAIEX	2017/8/2
1620	17808.61	TAIEX	2017/8/3
1621	17880.21	TAIEX	2017/8/4
1622	18004.62	TAIEX	2017/8/7
1623	17997.7	TAIEX	2017/8/8
1624	17843.32	TAIEX	2017/8/9
1625	17621.56	TAIEX	2017/8/10
1626	17624.02	TAIEX	2017/8/11
1627	17447.74	TAIEX	2017/8/14
1628	17595.91	TAIEX	2017/8/15
1629	17571.29	TAIEX	2017/8/16
1630	17718.01	TAIEX	2017/8/17
1631	17636.62	TAIEX	2017/8/18
1632	17647.76	TAIEX	2017/8/21
1633	17763.22	TAIEX	2017/8/22
1634	17792.79	TAIEX	2017/8/23
1635	17938.65	TAIEX	2017/8/24
1636	17986.53	TAIEX	2017/8/25
1637	18007.85	TAIEX	2017/8/28
1638	17962.06	TAIEX	2017/8/29
1639	18090.01	TAIEX	2017/8/30
1640	18119.11	TAIEX	2017/8/31
1641	18134.59	TAIEX	2017/9/1
1642	18091.93	TAIEX	2017/9/4
1643	18174.45	TAIEX	2017/9/5
1644	18054.98	TAIEX	2017/9/6
1645	18040.62	TAIEX	2017/9/7
1646	18162.91	TAIEX	2017/9/8
1647	18102.33	TAIEX	2017/9/11
1648	18167.72	TAIEX	2017/9/12
1649	18035.11	TAIEX	2017/9/13
1650	18076.66	TAIEX	2017/9/14
1651	18122.64	TAIEX	2017/9/15
1652	18212.52	TAIEX	2017/9/18
1653	18117.56	TAIEX	2017/9/19
1654	18019.98	TAIEX	2017/9/20
1655	18121.68	TAIEX	2017/9/21
1656	17901.33	TAIEX	2017/9/22
1657	17706.39	TAIEX	2017/9/25
1658	17571.28	TAIEX	2017/9/26
1659	17690.97	TAIEX	2017/9/27
1660	17639.43	TAIEX	2017/9/28
1661	17696.83	TAIEX	2017/9/29
1662	17789.34	TAIEX	2017/9/30
1663	17928.48	TAIEX	2017/10/2
1664	17935.65	TAIEX	2017/10/3
1665	18019.46	TAIEX	2017/10/5
1666	18044.49	TAIEX	2017/10/6
1667	18230.16	TAIEX	2017/10/11
1668	18351.55	TAIEX	2017/10/12
1669	18373.21	TAIEX	2017/10/13
1670	18459.08	TAIEX	2017/10/16
1671	18371.6	TAIEX	2017/10/17
1672	18366.68	TAIEX	2017/10/18
1673	18435.26	TAIEX	2017/10/19
1674	18381.43	TAIEX	2017/10/20
1675	18392.28	TAIEX	2017/10/23
1676	18406.96	TAIEX	2017/10/24
1677	18418.61	TAIEX	2017/10/25
1678	18391.51	TAIEX	2017/10/26
1679	18347.57	TAIEX	2017/10/27
1680	18429.39	TAIEX	2017/10/30
1681	18492.76	TAIEX	2017/10/31
1682	18514.29	TAIEX	2017/11/1
1683	18483.74	TAIEX	2017/11/2
1684	18504.74	TAIEX	2017/11/3
1685	18479.77	TAIEX	2017/11/6
1686	18572.65	TAIEX	2017/11/7
1687	18536.07	TAIEX	2017/11/8
1688	18406.34	TAIEX	2017/11/9
1689	18388.19	TAIEX	2017/11/10
1690	18304.66	TAIEX	2017/11/13
1691	18310.24	TAIEX	2017/11/14
1692	18213.39	TAIEX	2017/11/15
1693	18203.77	TAIEX	2017/11/16
1694	18335.01	TAIEX	2017/11/17
1695	18271.46	TAIEX	2017/11/20
1696	18467.96	TAIEX	2017/11/21
1697	18542.24	TAIEX	2017/11/22
1698	18597.16	TAIEX	2017/11/23
1699	18596.34	TAIEX	2017/11/24
1700	18419.6	TAIEX	2017/11/27
1701	18344.46	TAIEX	2017/11/28
1702	18355.54	TAIEX	2017/11/29
1703	18093.23	TAIEX	2017/11/30
1704	18161.64	TAIEX	2017/12/1
1705	18248.57	TAIEX	2017/12/4
1706	18104.22	TAIEX	2017/12/5
1707	17807.92	TAIEX	2017/12/6
1708	17742.55	TAIEX	2017/12/7
1709	17815.99	TAIEX	2017/12/8
1710	17943.57	TAIEX	2017/12/11
1711	17892.5	TAIEX	2017/12/12
1712	17939.47	TAIEX	2017/12/13
1713	18055.1	TAIEX	2017/12/14
1714	17975.3	TAIEX	2017/12/15
1715	18001.14	TAIEX	2017/12/18
1716	17934.02	TAIEX	2017/12/19
1717	17997.71	TAIEX	2017/12/20
1718	17971.08	TAIEX	2017/12/21
1719	18053.82	TAIEX	2017/12/22
1720	18028.5	TAIEX	2017/12/25
1721	17856.19	TAIEX	2017/12/26
1722	17967.13	TAIEX	2017/12/27
1723	18105.87	TAIEX	2017/12/28
1724	18234.75	TAIEX	2017/12/29
1725	18351.03	TAIEX	2018/1/2
1726	18506.67	TAIEX	2018/1/3
1727	18587.3	TAIEX	2018/1/4
1728	18640.7	TAIEX	2018/1/5
1729	18702.3	TAIEX	2018/1/8
1730	18700.83	TAIEX	2018/1/9
1731	18557.24	TAIEX	2018/1/10
1732	18521.21	TAIEX	2018/1/11
1733	18647.82	TAIEX	2018/1/12
1734	18771.78	TAIEX	2018/1/15
1735	18822.84	TAIEX	2018/1/16
1736	18854.87	TAIEX	2018/1/17
1737	18969.26	TAIEX	2018/1/18
1738	19105.09	TAIEX	2018/1/19
1739	19243.21	TAIEX	2018/1/22
1740	19280.3	TAIEX	2018/1/23
1741	19107.34	TAIEX	2018/1/24
1742	19130.97	TAIEX	2018/1/25
1743	19098.67	TAIEX	2018/1/26
1744	19226.67	TAIEX	2018/1/29
1745	18978.19	TAIEX	2018/1/30
1746	19024.46	TAIEX	2018/1/31
1747	19121.21	TAIEX	2018/2/1
1748	19062.91	TAIEX	2018/2/2
1749	18754.55	TAIEX	2018/2/5
1750	17825.49	TAIEX	2018/2/6
1751	18078.29	TAIEX	2018/2/7
1752	18038.84	TAIEX	2018/2/8
1753	17770.24	TAIEX	2018/2/9
1754	17854.78	TAIEX	2018/2/12
1755	18357.38	TAIEX	2018/2/21
1756	18268.19	TAIEX	2018/2/22
1757	18494.63	TAIEX	2018/2/23
1758	18566.86	TAIEX	2018/2/26
1759	18530.49	TAIEX	2018/2/27
1760	18479.63	TAIEX	2018/3/1
1761	18329.51	TAIEX	2018/3/2
1762	18234.8	TAIEX	2018/3/5
1763	18477.15	TAIEX	2018/3/6
1764	18410.3	TAIEX	2018/3/7
1765	18543.8	TAIEX	2018/3/8
1766	18615.03	TAIEX	2018/3/9
1767	18850.23	TAIEX	2018/3/12
1768	19010.49	TAIEX	2018/3/13
1769	18913.13	TAIEX	2018/3/14
1770	18878.25	TAIEX	2018/3/15
1771	18894.1	TAIEX	2018/3/16
1772	18927	TAIEX	2018/3/19
1773	18865.21	TAIEX	2018/3/20
1774	18865.6	TAIEX	2018/3/21
1775	18856.65	TAIEX	2018/3/22
1776	18543.95	TAIEX	2018/3/23
1777	18572.59	TAIEX	2018/3/26
1778	18824	TAIEX	2018/3/27
1779	18616.48	TAIEX	2018/3/28
1780	18582.66	TAIEX	2018/3/29
1781	18685.97	TAIEX	2018/3/30
1782	18708.7	TAIEX	2018/3/31
1783	18655.21	TAIEX	2018/4/2
1784	18540.87	TAIEX	2018/4/3
1785	18664.23	TAIEX	2018/4/9
1786	18721.88	TAIEX	2018/4/10
1787	18802.14	TAIEX	2018/4/11
1788	18770.03	TAIEX	2018/4/12
1789	18787.35	TAIEX	2018/4/13
1790	18768.77	TAIEX	2018/4/16
1791	18521.88	TAIEX	2018/4/17
1792	18586.02	TAIEX	2018/4/18
1793	18797.34	TAIEX	2018/4/19
1794	18468.64	TAIEX	2018/4/20
1795	18327.73	TAIEX	2018/4/23
1796	18126.19	TAIEX	2018/4/24
1797	18092.73	TAIEX	2018/4/25
1798	17970.41	TAIEX	2018/4/26
1799	18081.52	TAIEX	2018/4/27
1800	18260.48	TAIEX	2018/4/30
1801	18193.54	TAIEX	2018/5/2
1802	18014.28	TAIEX	2018/5/3
1803	18040.3	TAIEX	2018/5/4
1804	18169.72	TAIEX	2018/5/7
1805	18317.87	TAIEX	2018/5/8
1806	18338.52	TAIEX	2018/5/9
1807	18435.94	TAIEX	2018/5/10
1808	18605.16	TAIEX	2018/5/11
1809	18765.2	TAIEX	2018/5/14
1810	18632.15	TAIEX	2018/5/15
1811	18671.28	TAIEX	2018/5/16
1812	18562.03	TAIEX	2018/5/17
1813	18556.95	TAIEX	2018/5/18
1814	18789.19	TAIEX	2018/5/21
1815	18742.14	TAIEX	2018/5/22
1816	18652.1	TAIEX	2018/5/23
1817	18739.05	TAIEX	2018/5/24
1818	18748.25	TAIEX	2018/5/25
1819	18826.15	TAIEX	2018/5/28
1820	18785.63	TAIEX	2018/5/29
1821	18540.71	TAIEX	2018/5/30
1822	18632.87	TAIEX	2018/5/31
1823	18760.39	TAIEX	2018/6/1
1824	19035.91	TAIEX	2018/6/4
1825	19020.82	TAIEX	2018/6/5
1826	19195.12	TAIEX	2018/6/6
1827	19281.07	TAIEX	2018/6/7
1828	19117.71	TAIEX	2018/6/8
1829	19105.39	TAIEX	2018/6/11
1830	19098.15	TAIEX	2018/6/12
1831	19146.88	TAIEX	2018/6/13
1832	18874.83	TAIEX	2018/6/14
1833	19003.56	TAIEX	2018/6/15
1834	18690.5	TAIEX	2018/6/19
1835	18730.93	TAIEX	2018/6/20
1836	18758.61	TAIEX	2018/6/21
1837	18687.13	TAIEX	2018/6/22
1838	18612.93	TAIEX	2018/6/25
1839	18569.28	TAIEX	2018/6/26
1840	18499.01	TAIEX	2018/6/27
1841	18427.69	TAIEX	2018/6/28
1842	18744.53	TAIEX	2018/6/29
1843	18654.33	TAIEX	2018/7/2
1844	18556.03	TAIEX	2018/7/3
1845	18612.95	TAIEX	2018/7/4
1846	18453.79	TAIEX	2018/7/5
1847	18453.63	TAIEX	2018/7/6
1848	18681.78	TAIEX	2018/7/9
1849	18788.69	TAIEX	2018/7/10
1850	18685.73	TAIEX	2018/7/11
1851	18823.22	TAIEX	2018/7/12
1852	19055.59	TAIEX	2018/7/13
1853	18978.76	TAIEX	2018/7/16
1854	18922.8	TAIEX	2018/7/17
1855	19043.68	TAIEX	2018/7/18
1856	19038.74	TAIEX	2018/7/19
1857	19211.06	TAIEX	2018/7/20
1858	19266.21	TAIEX	2018/7/23
1859	19354.95	TAIEX	2018/7/24
1860	19335.32	TAIEX	2018/7/25
1861	19436.93	TAIEX	2018/7/26
1862	19554.47	TAIEX	2018/7/27
1863	19497.77	TAIEX	2018/7/30
1864	19552.69	TAIEX	2018/7/31
1865	19645.48	TAIEX	2018/8/1
1866	19370.81	TAIEX	2018/8/2
1867	19520.38	TAIEX	2018/8/3
1868	19542.06	TAIEX	2018/8/6
1869	19470.59	TAIEX	2018/8/7
1870	19636.72	TAIEX	2018/8/8
1871	19569.52	TAIEX	2018/8/9
1872	19510.42	TAIEX	2018/8/10
1873	19093.8	TAIEX	2018/8/13
1874	19232.48	TAIEX	2018/8/14
1875	19045.41	TAIEX	2018/8/15
1876	18997.39	TAIEX	2018/8/16
1877	19011.58	TAIEX	2018/8/17
1878	19026.21	TAIEX	2018/8/20
1879	19203.1	TAIEX	2018/8/21
1880	19233.18	TAIEX	2018/8/22
1881	19341.04	TAIEX	2018/8/23
1882	19249.4	TAIEX	2018/8/24
1883	19417.98	TAIEX	2018/8/27
1884	19575.62	TAIEX	2018/8/28
1885	19773.5	TAIEX	2018/8/29
1886	19769.4	TAIEX	2018/8/30
1887	19716.61	TAIEX	2018/8/31
1888	19539.04	TAIEX	2018/9/3
1889	19643.45	TAIEX	2018/9/4
1890	19598.41	TAIEX	2018/9/5
1891	19476.35	TAIEX	2018/9/6
1892	19340.95	TAIEX	2018/9/7
1893	19124.87	TAIEX	2018/9/10
1894	19172.67	TAIEX	2018/9/11
1895	19120.02	TAIEX	2018/9/12
1896	19128.42	TAIEX	2018/9/13
1897	19379.69	TAIEX	2018/9/14
1898	19309.26	TAIEX	2018/9/17
1899	19192.93	TAIEX	2018/9/18
1900	19366.08	TAIEX	2018/9/19
1901	19322.28	TAIEX	2018/9/20
1902	19573.87	TAIEX	2018/9/21
1903	19585.36	TAIEX	2018/9/25
1904	19577.05	TAIEX	2018/9/26
1905	19684.36	TAIEX	2018/9/27
1906	19634.67	TAIEX	2018/9/28
1907	19715.77	TAIEX	2018/10/1
1908	19479.99	TAIEX	2018/10/2
1909	19380.64	TAIEX	2018/10/3
1910	19121.92	TAIEX	2018/10/4
1911	18761.93	TAIEX	2018/10/5
1912	18652.78	TAIEX	2018/10/8
1913	18672.22	TAIEX	2018/10/9
1914	17493.53	TAIEX	2018/10/11
1915	17921.15	TAIEX	2018/10/12
1916	17663.03	TAIEX	2018/10/15
1917	17805.89	TAIEX	2018/10/16
1918	17802.39	TAIEX	2018/10/17
1919	17757.08	TAIEX	2018/10/18
1920	17695.59	TAIEX	2018/10/19
1921	17793.76	TAIEX	2018/10/22
1922	17438.61	TAIEX	2018/10/23
1923	17410.4	TAIEX	2018/10/24
1924	16984.75	TAIEX	2018/10/25
1925	16928.54	TAIEX	2018/10/26
1926	16976.96	TAIEX	2018/10/29
1927	16994.43	TAIEX	2018/10/30
1928	17486.87	TAIEX	2018/10/31
1929	17562.88	TAIEX	2018/11/1
1930	17673.23	TAIEX	2018/11/2
1931	17643.29	TAIEX	2018/11/5
1932	17527.59	TAIEX	2018/11/6
1933	17676.68	TAIEX	2018/11/7
1934	17742.62	TAIEX	2018/11/8
1935	17536.92	TAIEX	2018/11/9
1936	17539.06	TAIEX	2018/11/12
1937	17440.29	TAIEX	2018/11/13
1938	17468.89	TAIEX	2018/11/14
1939	17530.59	TAIEX	2018/11/15
1940	17478.2	TAIEX	2018/11/16
1941	17534.57	TAIEX	2018/11/19
1942	17383.64	TAIEX	2018/11/20
1943	17379.23	TAIEX	2018/11/21
1944	17331.4	TAIEX	2018/11/22
1945	17246.81	TAIEX	2018/11/23
1946	17421.79	TAIEX	2018/11/26
1947	17445.68	TAIEX	2018/11/27
1948	17634.48	TAIEX	2018/11/28
1949	17636.36	TAIEX	2018/11/29
1950	17641.12	TAIEX	2018/11/30
1951	18086.85	TAIEX	2018/12/3
1952	17989.93	TAIEX	2018/12/4
1953	17692.34	TAIEX	2018/12/5
1954	17278.4	TAIEX	2018/12/6
1955	17414.27	TAIEX	2018/12/7
1956	17212.06	TAIEX	2018/12/10
1957	17318.22	TAIEX	2018/12/11
1958	17513.41	TAIEX	2018/12/12
1959	17588.89	TAIEX	2018/12/13
1960	17437.96	TAIEX	2018/12/14
1961	17461.81	TAIEX	2018/12/17
1962	17339.23	TAIEX	2018/12/18
1963	17454.11	TAIEX	2018/12/19
1964	17260.2	TAIEX	2018/12/20
1965	17264.04	TAIEX	2018/12/21
1966	17209.6	TAIEX	2018/12/22
1967	17198.08	TAIEX	2018/12/24
1968	16997.17	TAIEX	2018/12/25
1969	16911.35	TAIEX	2018/12/26
1970	17201.4	TAIEX	2018/12/27
1971	17354.55	TAIEX	2018/12/28
1972	17045.43	TAIEX	2019/1/2
1973	16935.32	TAIEX	2019/1/3
1974	16739.23	TAIEX	2019/1/4
1975	17109.94	TAIEX	2019/1/7
1976	17062.3	TAIEX	2019/1/8
1977	17374	TAIEX	2019/1/9
1978	17342.57	TAIEX	2019/1/10
1979	17411.63	TAIEX	2019/1/11
1980	17320.31	TAIEX	2019/1/14
1981	17494.85	TAIEX	2019/1/15
1982	17419.5	TAIEX	2019/1/16
1983	17464.7	TAIEX	2019/1/17
1984	17548.39	TAIEX	2019/1/18
1985	17643.56	TAIEX	2019/1/21
1986	17652.95	TAIEX	2019/1/22
1987	17566.84	TAIEX	2019/1/23
1988	17621.65	TAIEX	2019/1/24
1989	17786.66	TAIEX	2019/1/25
1990	17864.67	TAIEX	2019/1/28
1991	17718.82	TAIEX	2019/1/29
1992	17720.03	TAIEX	2019/1/30
1993	17848.46	TAIEX	2019/2/11
1994	18015.26	TAIEX	2019/2/12
1995	18002.48	TAIEX	2019/2/13
1996	17999.69	TAIEX	2019/2/14
1997	17956.45	TAIEX	2019/2/15
1998	18100.07	TAIEX	2019/2/18
1999	18112.53	TAIEX	2019/2/19
2000	18326.97	TAIEX	2019/2/20
2001	18410.95	TAIEX	2019/2/21
2002	18417	TAIEX	2019/2/22
2003	18538.33	TAIEX	2019/2/25
2004	18539.45	TAIEX	2019/2/26
2005	18535.19	TAIEX	2019/2/27
2006	18465.1	TAIEX	2019/3/4
2007	18385.48	TAIEX	2019/3/5
2008	18478.07	TAIEX	2019/3/6
2009	18396.95	TAIEX	2019/3/7
2010	18272.19	TAIEX	2019/3/8
2011	18287.4	TAIEX	2019/3/11
2012	18453.41	TAIEX	2019/3/12
2013	18506.92	TAIEX	2019/3/13
2014	18462.9	TAIEX	2019/3/14
2015	18624.52	TAIEX	2019/3/15
2016	18755.58	TAIEX	2019/3/18
2017	18754.9	TAIEX	2019/3/19
2018	18824.92	TAIEX	2019/3/20
2019	18928.38	TAIEX	2019/3/21
2020	18981.04	TAIEX	2019/3/22
2021	18696.31	TAIEX	2019/3/25
2022	18838.55	TAIEX	2019/3/26
2023	18809.1	TAIEX	2019/3/27
2024	18797.62	TAIEX	2019/3/28
2025	18984.56	TAIEX	2019/3/29
2026	18987.39	TAIEX	2019/4/1
2027	19072.43	TAIEX	2019/4/2
2028	19097.57	TAIEX	2019/4/3
2029	19269.18	TAIEX	2019/4/8
2030	19360.21	TAIEX	2019/4/9
2031	19389.72	TAIEX	2019/4/10
2032	19283.8	TAIEX	2019/4/11
2033	19277.6	TAIEX	2019/4/12
2034	19403.03	TAIEX	2019/4/15
2035	19496.24	TAIEX	2019/4/16
2036	19620.09	TAIEX	2019/4/17
2037	19557.2	TAIEX	2019/4/18
2038	19568.77	TAIEX	2019/4/19
2039	19603.05	TAIEX	2019/4/22
2040	19670.79	TAIEX	2019/4/23
2041	19674.28	TAIEX	2019/4/24
2042	19696.08	TAIEX	2019/4/25
2043	19540.17	TAIEX	2019/4/26
2044	19516.25	TAIEX	2019/4/29
2045	19567.4	TAIEX	2019/4/30
2046	19632.97	TAIEX	2019/5/2
2047	19796.78	TAIEX	2019/5/3
2048	19441.43	TAIEX	2019/5/6
2049	19602.03	TAIEX	2019/5/7
2050	19488.95	TAIEX	2019/5/8
2051	19149.9	TAIEX	2019/5/9
2052	19113	TAIEX	2019/5/10
2053	18837.01	TAIEX	2019/5/13
2054	18767.35	TAIEX	2019/5/14
2055	18841.31	TAIEX	2019/5/15
2056	18687.72	TAIEX	2019/5/16
2057	18526.25	TAIEX	2019/5/17
2058	18551.76	TAIEX	2019/5/20
2059	18669.67	TAIEX	2019/5/21
2060	18656.68	TAIEX	2019/5/22
2061	18391.65	TAIEX	2019/5/23
2062	18427.17	TAIEX	2019/5/24
2063	18437.61	TAIEX	2019/5/27
2064	18398.68	TAIEX	2019/5/28
2065	18379.89	TAIEX	2019/5/29
2066	18524.78	TAIEX	2019/5/30
2067	18730.94	TAIEX	2019/5/31
2068	18734.92	TAIEX	2019/6/3
2069	18608.32	TAIEX	2019/6/4
2070	18666.31	TAIEX	2019/6/5
2071	18572.78	TAIEX	2019/6/6
2072	18853.39	TAIEX	2019/6/10
2073	18927.06	TAIEX	2019/6/11
2074	18941.41	TAIEX	2019/6/12
2075	18844.64	TAIEX	2019/6/13
2076	18780.55	TAIEX	2019/6/14
2077	18791.94	TAIEX	2019/6/17
2078	18859.26	TAIEX	2019/6/18
2079	19233.88	TAIEX	2019/6/19
2080	19278.58	TAIEX	2019/6/20
2081	19312.11	TAIEX	2019/6/21
2082	19394.94	TAIEX	2019/6/24
2083	19265.78	TAIEX	2019/6/25
2084	19191.67	TAIEX	2019/6/26
2085	19414.25	TAIEX	2019/6/27
2086	19337.63	TAIEX	2019/6/28
2087	19650.99	TAIEX	2019/7/1
2088	19637.41	TAIEX	2019/7/2
2089	19448.42	TAIEX	2019/7/3
2090	19544.38	TAIEX	2019/7/4
2091	19566.46	TAIEX	2019/7/5
2092	19532.87	TAIEX	2019/7/8
2093	19465.86	TAIEX	2019/7/9
2094	19645.53	TAIEX	2019/7/10
2095	19757.53	TAIEX	2019/7/11
2096	19728.58	TAIEX	2019/7/12
2097	19844.62	TAIEX	2019/7/15
2098	19886.65	TAIEX	2019/7/16
2099	19785.38	TAIEX	2019/7/17
2100	19740.32	TAIEX	2019/7/18
2101	19883.45	TAIEX	2019/7/19
2102	20027.2	TAIEX	2019/7/22
2103	20037.9	TAIEX	2019/7/23
2104	20028.94	TAIEX	2019/7/24
2105	20120.61	TAIEX	2019/7/25
2106	20032.69	TAIEX	2019/7/26
2107	20033.05	TAIEX	2019/7/29
2108	19933.84	TAIEX	2019/7/30
2109	19938.27	TAIEX	2019/7/31
2110	19784.89	TAIEX	2019/8/1
2111	19450.09	TAIEX	2019/8/2
2112	19219.3	TAIEX	2019/8/5
2113	19176.89	TAIEX	2019/8/6
2114	19164.33	TAIEX	2019/8/7
2115	19372.55	TAIEX	2019/8/8
2116	19360.92	TAIEX	2019/8/12
2117	19176.5	TAIEX	2019/8/13
2118	19306.45	TAIEX	2019/8/14
2119	19125.64	TAIEX	2019/8/15
2120	19299.26	TAIEX	2019/8/16
2121	19426.65	TAIEX	2019/8/19
2122	19493.72	TAIEX	2019/8/20
2123	19503.83	TAIEX	2019/8/21
2124	19512.96	TAIEX	2019/8/22
2125	19532.52	TAIEX	2019/8/23
2126	19208.29	TAIEX	2019/8/26
2127	19274.58	TAIEX	2019/8/27
2128	19365.75	TAIEX	2019/8/28
2129	19424.64	TAIEX	2019/8/29
2130	19714.34	TAIEX	2019/8/30
2131	19747.08	TAIEX	2019/9/2
2132	19605.96	TAIEX	2019/9/3
2133	19790.44	TAIEX	2019/9/4
2134	19979.16	TAIEX	2019/9/5
2135	20023.69	TAIEX	2019/9/6
2136	20062.05	TAIEX	2019/9/9
2137	19973.71	TAIEX	2019/9/10
2138	20042.62	TAIEX	2019/9/11
2139	20111.71	TAIEX	2019/9/12
2140	20248.6	TAIEX	2019/9/16
2141	20204.79	TAIEX	2019/9/17
2142	20306.99	TAIEX	2019/9/18
2143	20274.61	TAIEX	2019/9/19
2144	20339.81	TAIEX	2019/9/20
2145	20319.98	TAIEX	2019/9/23
2146	20318.25	TAIEX	2019/9/24
2147	20235.92	TAIEX	2019/9/25
2148	20233	TAIEX	2019/9/26
2149	20154.27	TAIEX	2019/9/27
2150	20411.12	TAIEX	2019/10/1
2151	20377.6	TAIEX	2019/10/2
2152	20243.63	TAIEX	2019/10/3
2153	20278.19	TAIEX	2019/10/4
2154	20353.73	TAIEX	2019/10/7
2155	20506.82	TAIEX	2019/10/8
2156	20269.96	TAIEX	2019/10/9
2157	20599.41	TAIEX	2019/10/14
2158	20682.89	TAIEX	2019/10/15
2159	20777.88	TAIEX	2019/10/16
2160	20822.69	TAIEX	2019/10/17
2161	20810.3	TAIEX	2019/10/18
2162	20817.62	TAIEX	2019/10/21
2163	20979.74	TAIEX	2019/10/22
2164	20920.95	TAIEX	2019/10/23
2165	21070.74	TAIEX	2019/10/24
2166	21026.13	TAIEX	2019/10/25
2167	21061.65	TAIEX	2019/10/28
2168	21096.75	TAIEX	2019/10/29
2169	21183.15	TAIEX	2019/10/30
2170	21142.99	TAIEX	2019/10/31
2171	21218.98	TAIEX	2019/11/1
2172	21513.38	TAIEX	2019/11/4
2173	21675.66	TAIEX	2019/11/5
2174	21692.48	TAIEX	2019/11/6
2175	21605.9	TAIEX	2019/11/7
2176	21555.61	TAIEX	2019/11/8
2177	21272.17	TAIEX	2019/11/11
2178	21445.46	TAIEX	2019/11/12
2179	21347.65	TAIEX	2019/11/13
2180	21315.25	TAIEX	2019/11/14
2181	21455.19	TAIEX	2019/11/15
2182	21593.28	TAIEX	2019/11/18
2183	21698.68	TAIEX	2019/11/19
2184	21651.77	TAIEX	2019/11/20
2185	21516.02	TAIEX	2019/11/21
2186	21531.88	TAIEX	2019/11/22
2187	21522.17	TAIEX	2019/11/25
2188	21550.55	TAIEX	2019/11/26
2189	21682.19	TAIEX	2019/11/27
2190	21625.8	TAIEX	2019/11/28
2191	21388.44	TAIEX	2019/11/29
2192	21413.13	TAIEX	2019/12/2
2193	21466.65	TAIEX	2019/12/3
2194	21427.33	TAIEX	2019/12/4
2195	21584.04	TAIEX	2019/12/5
2196	21611.96	TAIEX	2019/12/6
2197	21707.13	TAIEX	2019/12/9
2198	21645.83	TAIEX	2019/12/10
2199	21781.6	TAIEX	2019/12/11
2200	22034.28	TAIEX	2019/12/12
2201	22204.27	TAIEX	2019/12/13
2202	22226.67	TAIEX	2019/12/16
2203	22519.39	TAIEX	2019/12/17
2204	22566.75	TAIEX	2019/12/18
2205	22413.94	TAIEX	2019/12/19
2206	22302.39	TAIEX	2019/12/20
2207	22420.16	TAIEX	2019/12/23
2208	22334.66	TAIEX	2019/12/24
2209	22393.86	TAIEX	2019/12/25
2210	22380.58	TAIEX	2019/12/26
2211	22549.52	TAIEX	2019/12/27
2212	22478.22	TAIEX	2019/12/30
2213	22373.36	TAIEX	2019/12/31
2214	22566.08	TAIEX	2020/1/2
2215	22584.65	TAIEX	2020/1/3
2216	22291.72	TAIEX	2020/1/6
2217	22155.51	TAIEX	2020/1/7
2218	22037.6	TAIEX	2020/1/8
2219	22323.92	TAIEX	2020/1/9
2220	22424.68	TAIEX	2020/1/10
2221	22590.21	TAIEX	2020/1/13
2222	22714.03	TAIEX	2020/1/14
2223	22550.04	TAIEX	2020/1/15
2224	22503.52	TAIEX	2020/1/16
2225	22547.09	TAIEX	2020/1/17
2226	22600.08	TAIEX	2020/1/20
2227	21300.31	TAIEX	2020/1/30
2228	21437.11	TAIEX	2020/1/31
2229	21175.7	TAIEX	2020/2/3
2230	21550.55	TAIEX	2020/2/4
2231	21583.55	TAIEX	2020/2/5
2232	21911.88	TAIEX	2020/2/6
2233	21656.63	TAIEX	2020/2/7
2234	21584.38	TAIEX	2020/2/10
2235	21752.18	TAIEX	2020/2/11
2236	21957.59	TAIEX	2020/2/12
2237	21990.39	TAIEX	2020/2/13
2238	22035	TAIEX	2020/2/14
2239	21937.67	TAIEX	2020/2/17
2240	21724.09	TAIEX	2020/2/18
2241	21928.96	TAIEX	2020/2/19
2242	21866.74	TAIEX	2020/2/20
2243	21794.5	TAIEX	2020/2/21
2244	21512	TAIEX	2020/2/24
2245	21521.99	TAIEX	2020/2/25
2246	21323.17	TAIEX	2020/2/26
2247	21059.37	TAIEX	2020/2/27
2248	20832.38	TAIEX	2020/3/2
2249	21125.66	TAIEX	2020/3/3
2250	21246.2	TAIEX	2020/3/4
2251	21474.61	TAIEX	2020/3/5
2252	21114.65	TAIEX	2020/3/6
2253	20472.79	TAIEX	2020/3/9
2254	20521.09	TAIEX	2020/3/10
2255	20316.33	TAIEX	2020/3/11
2256	19437.49	TAIEX	2020/3/12
2257	18890.22	TAIEX	2020/3/13
2258	18123.61	TAIEX	2020/3/16
2259	17604.87	TAIEX	2020/3/17
2260	17192.79	TAIEX	2020/3/18
2261	16228.6	TAIEX	2020/3/19
2262	17262.09	TAIEX	2020/3/20
2263	16618.9	TAIEX	2020/3/23
2264	17358.42	TAIEX	2020/3/24
2265	18029.76	TAIEX	2020/3/25
2266	18201.16	TAIEX	2020/3/26
2267	18132.19	TAIEX	2020/3/27
2268	18002.36	TAIEX	2020/3/30
2269	18149.52	TAIEX	2020/3/31
2270	18066.47	TAIEX	2020/4/1
2271	18356.45	TAIEX	2020/4/6
2272	18688.58	TAIEX	2020/4/7
2273	18952.66	TAIEX	2020/4/8
2274	18922.57	TAIEX	2020/4/9
2275	18993.95	TAIEX	2020/4/10
2276	18884.77	TAIEX	2020/4/13
2277	19321.8	TAIEX	2020/4/14
2278	19535.48	TAIEX	2020/4/15
2279	19401.34	TAIEX	2020/4/16
2280	19815.66	TAIEX	2020/4/17
2281	19796.34	TAIEX	2020/4/20
2282	19238.56	TAIEX	2020/4/21
2283	19274.78	TAIEX	2020/4/22
2284	19385.51	TAIEX	2020/4/23
2285	19349.7	TAIEX	2020/4/24
2286	19760.92	TAIEX	2020/4/27
2287	19852.16	TAIEX	2020/4/28
2288	20144.18	TAIEX	2020/4/29
2289	20555.45	TAIEX	2020/4/30
2290	20047.43	TAIEX	2020/5/4
2291	20148.65	TAIEX	2020/5/5
2292	20149.35	TAIEX	2020/5/6
2293	20276.39	TAIEX	2020/5/7
2294	20385.8	TAIEX	2020/5/8
2295	20594.93	TAIEX	2020/5/11
2296	20344.75	TAIEX	2020/5/12
2297	20454.71	TAIEX	2020/5/13
2298	20160.38	TAIEX	2020/5/14
2299	20224.04	TAIEX	2020/5/15
2300	20084.97	TAIEX	2020/5/18
2301	20309.17	TAIEX	2020/5/19
2302	20397.73	TAIEX	2020/5/20
2303	20585.68	TAIEX	2020/5/21
2304	20216.98	TAIEX	2020/5/22
2305	20329.25	TAIEX	2020/5/25
2306	20564.92	TAIEX	2020/5/26
2307	20597.56	TAIEX	2020/5/27
2308	20466.81	TAIEX	2020/5/28
2309	20463	TAIEX	2020/5/29
2310	20719.37	TAIEX	2020/6/1
2311	20811.58	TAIEX	2020/6/2
2312	21171.1	TAIEX	2020/6/3
2313	21307.75	TAIEX	2020/6/4
2314	21468.9	TAIEX	2020/6/5
2315	21714	TAIEX	2020/6/8
2316	21764.92	TAIEX	2020/6/9
2317	21921.72	TAIEX	2020/6/10
2318	21583.83	TAIEX	2020/6/11
2319	21387.58	TAIEX	2020/6/12
2320	21158.29	TAIEX	2020/6/15
2321	21545.48	TAIEX	2020/6/16
2322	21607.63	TAIEX	2020/6/17
2323	21674.97	TAIEX	2020/6/18
2324	21678.39	TAIEX	2020/6/19
2325	21726.25	TAIEX	2020/6/22
2326	21811.11	TAIEX	2020/6/23
2327	21909.4	TAIEX	2020/6/24
2328	21695.37	TAIEX	2020/6/29
2329	21851.5	TAIEX	2020/6/30
2330	22054.55	TAIEX	2020/7/1
2331	22301.84	TAIEX	2020/7/2
2332	22502.26	TAIEX	2020/7/3
2333	22916.04	TAIEX	2020/7/6
2334	22893.68	TAIEX	2020/7/7
2335	23052.12	TAIEX	2020/7/8
2336	23105.57	TAIEX	2020/7/9
2337	22883.01	TAIEX	2020/7/10
2338	23170.84	TAIEX	2020/7/13
2339	23182.75	TAIEX	2020/7/14
2340	23189.68	TAIEX	2020/7/15
2341	23124.32	TAIEX	2020/7/16
2342	23184.28	TAIEX	2020/7/17
2343	23172.59	TAIEX	2020/7/20
2344	23599.11	TAIEX	2020/7/21
2345	23746.09	TAIEX	2020/7/22
2346	23689.48	TAIEX	2020/7/23
2347	23489.96	TAIEX	2020/7/24
2348	24040.46	TAIEX	2020/7/27
2349	24046.28	TAIEX	2020/7/28
2350	23962.29	TAIEX	2020/7/29
2351	24319.37	TAIEX	2020/7/30
2352	24215.43	TAIEX	2020/7/31
2353	23936.23	TAIEX	2020/8/3
2354	24316.14	TAIEX	2020/8/4
2355	24503.19	TAIEX	2020/8/5
2356	24727.43	TAIEX	2020/8/6
2357	24573.63	TAIEX	2020/8/7
2358	24698.5	TAIEX	2020/8/10
2359	24495.14	TAIEX	2020/8/11
2360	24306.81	TAIEX	2020/8/12
2361	24511.76	TAIEX	2020/8/13
2362	24574	TAIEX	2020/8/14
2363	24882.56	TAIEX	2020/8/17
2364	24724.04	TAIEX	2020/8/18
2365	24544.98	TAIEX	2020/8/19
2366	23747.14	TAIEX	2020/8/20
2367	24220.29	TAIEX	2020/8/21
2368	24299.76	TAIEX	2020/8/24
2369	24516.25	TAIEX	2020/8/25
2370	24662.81	TAIEX	2020/8/26
2371	24598.19	TAIEX	2020/8/27
2372	24470.55	TAIEX	2020/8/28
2373	24206.96	TAIEX	2020/8/31
2374	24423.75	TAIEX	2020/9/1
2375	24417.13	TAIEX	2020/9/2
2376	24536.35	TAIEX	2020/9/3
2377	24305.53	TAIEX	2020/9/4
2378	24236.75	TAIEX	2020/9/7
2379	24363.05	TAIEX	2020/9/8
2380	24257.5	TAIEX	2020/9/9
2381	24417.82	TAIEX	2020/9/10
2382	24387.76	TAIEX	2020/9/11
2383	24603.01	TAIEX	2020/9/14
2384	24714.31	TAIEX	2020/9/15
2385	24968.41	TAIEX	2020/9/16
2386	24809.79	TAIEX	2020/9/17
2387	24815.36	TAIEX	2020/9/18
2388	24660.21	TAIEX	2020/9/21
2389	24371.86	TAIEX	2020/9/22
2390	24253.82	TAIEX	2020/9/23
2391	23639.22	TAIEX	2020/9/24
2392	23578.57	TAIEX	2020/9/25
2393	24021.6	TAIEX	2020/9/28
2394	24031.3	TAIEX	2020/9/29
2395	24123.59	TAIEX	2020/9/30
2396	24186.55	TAIEX	2020/10/5
2397	24487.21	TAIEX	2020/10/6
2398	24568.43	TAIEX	2020/10/7
2399	24839.86	TAIEX	2020/10/8
2400	24972.31	TAIEX	2020/10/12
2401	24955.39	TAIEX	2020/10/13
2402	24901.9	TAIEX	2020/10/14
2403	24725.56	TAIEX	2020/10/15
2404	24576.27	TAIEX	2020/10/16
2405	24880.77	TAIEX	2020/10/19
2406	24792.15	TAIEX	2020/10/20
2407	24821.34	TAIEX	2020/10/21
2408	24898	TAIEX	2020/10/22
2409	24862.9	TAIEX	2020/10/23
2410	24882.59	TAIEX	2020/10/26
2411	24817.02	TAIEX	2020/10/27
2412	24660.38	TAIEX	2020/10/28
2413	24408.3	TAIEX	2020/10/29
2414	24183.76	TAIEX	2020/10/30
2415	24270.44	TAIEX	2020/11/2
2416	24549.37	TAIEX	2020/11/3
2417	24803.58	TAIEX	2020/11/4
2418	24901.7	TAIEX	2020/11/5
2419	25007.2	TAIEX	2020/11/6
2420	25303.93	TAIEX	2020/11/9
2421	25215.74	TAIEX	2020/11/10
2422	25563.6	TAIEX	2020/11/11
2423	25485.71	TAIEX	2020/11/12
2424	25585.09	TAIEX	2020/11/13
2425	26122.1	TAIEX	2020/11/16
2426	26201.49	TAIEX	2020/11/17
2427	26548.99	TAIEX	2020/11/18
2428	26451.27	TAIEX	2020/11/19
2429	26439.72	TAIEX	2020/11/20
2430	26751.16	TAIEX	2020/11/23
2431	26614.53	TAIEX	2020/11/24
2432	26482.87	TAIEX	2020/11/25
2433	26688.81	TAIEX	2020/11/26
2434	26730.12	TAIEX	2020/11/27
2435	26452.16	TAIEX	2020/11/30
2436	26765.95	TAIEX	2020/12/1
2437	26965.4	TAIEX	2020/12/2
2438	26942.18	TAIEX	2020/12/3
2439	27241.63	TAIEX	2020/12/4
2440	27480.95	TAIEX	2020/12/7
2441	27681.03	TAIEX	2020/12/8
2442	27738.37	TAIEX	2020/12/9
2443	27467.25	TAIEX	2020/12/10
2444	27490.76	TAIEX	2020/12/11
2445	27393.15	TAIEX	2020/12/14
2446	27118.44	TAIEX	2020/12/15
2447	27573.25	TAIEX	2020/12/16
2448	27526.93	TAIEX	2020/12/17
2449	27509.63	TAIEX	2020/12/18
2450	27770.36	TAIEX	2020/12/21
2451	27369.78	TAIEX	2020/12/22
2452	27457.87	TAIEX	2020/12/23
2453	27568.27	TAIEX	2020/12/24
2454	27667	TAIEX	2020/12/25
2455	27959.77	TAIEX	2020/12/28
2456	27938.5	TAIEX	2020/12/29
2457	28354.81	TAIEX	2020/12/30
2458	28441.36	TAIEX	2020/12/31
